WellPlate,Strain,Well,Sample,TranslatedResult,Epha4-1 KO,Epha4-1 WT,Our ID,Genotype
T1585762,Epha4_KO_Pasquale,A1,E44,,-  ,+  ,E44,WT
T1585762,Epha4_KO_Pasquale,B1,E49,,-  ,+  ,E49,WT
T1585762,Epha4_KO_Pasquale,C1,E50,,+  ,+  ,E50,HET
T1563146,Epha4_KO_Pasquale,A1,E20,,+  ,+  ,E20,HET
T1563146,Epha4_KO_Pasquale,B1,E21,,-  ,+  ,E21,WT
T1563146,Epha4_KO_Pasquale,C1,E22,,+  ,+  ,E22,HET
T1585763,Epha4_KO_Pasquale,A1,E56,,-  ,+  ,E56,WT
T1585763,Epha4_KO_Pasquale,B1,E57,,-  ,+  ,E57,WT
T1585763,Epha4_KO_Pasquale,C1,E58,,-  ,+  ,E58,WT
T1585761,Epha4_KO_Pasquale,A1,E39,,-  ,+  ,E39,WT
T1585761,Epha4_KO_Pasquale,B1,E40,,+  ,+  ,E40,HET
T1585761,Epha4_KO_Pasquale,C1,E41,,+  ,+  ,E41,HET
T1585761,Epha4_KO_Pasquale,D1,E79,,-  ,+  ,E79,WT
T1585761,Epha4_KO_Pasquale,G1,E82,,-  ,+  ,E82,WT
T1831329,Epha4_KO_Pasquale,A1,E627,,-  ,+  ,E627,WT
T1831329,Epha4_KO_Pasquale,B1,E630,,-  ,+  ,E630,WT
T1831329,Epha4_KO_Pasquale,C1,E636,,+  ,+  ,E636,HET
T1831329,Epha4_KO_Pasquale,D1,E643,,-  ,+  ,E643,WT
T1831329,Epha4_KO_Pasquale,E1,E644,,+  ,+  ,E644,HET
T1831329,Epha4_KO_Pasquale,F1,E645,,-  ,+  ,E645,WT
T1831329,Epha4_KO_Pasquale,G1,E646,,-  ,+  ,E646,WT
T1831329,Epha4_KO_Pasquale,H2,E718,,+  ,+  ,E718,HET
T1831329,Epha4_KO_Pasquale,B3,E720,,+  ,+  ,E720,HET
T1831329,Epha4_KO_Pasquale,G3,E725,,-  ,+  ,E725,WT
T1831329,Epha4_KO_Pasquale,B4,E728,,+  ,+  ,E728,HET
T1563145,Epha4_KO_Pasquale,A1,E32,,+  ,+  ,E32,HET
T1563145,Epha4_KO_Pasquale,B1,E33,,+  ,+  ,E33,HET
T1563145,Epha4_KO_Pasquale,C1,E34,,-  ,+  ,E34,WT
T1563145,Epha4_KO_Pasquale,D1,E35,,-  ,+  ,E35,WT
T1680064,Epha4_KO_Pasquale,A1,E401,,+  ,+  ,E401,HET
T1680064,Epha4_KO_Pasquale,B1,E402,,-  ,+  ,E402,WT
T1680064,Epha4_KO_Pasquale,C1,E404,,-  ,+  ,E404,WT
T1680064,Epha4_KO_Pasquale,D1,E405,,-  ,+  ,E405,WT
T1680064,Epha4_KO_Pasquale,E1,E406,,-  ,+  ,E406,WT
T1680064,Epha4_KO_Pasquale,F1,E407,,+  ,+  ,E407,HET
T1680064,Epha4_KO_Pasquale,G1,E408,,-  ,+  ,E408,WT
T1680064,Epha4_KO_Pasquale,H1,E410,,-  ,+  ,E410,WT
T1680064,Epha4_KO_Pasquale,A2,E414,,+  ,+  ,E414,HET
T1680064,Epha4_KO_Pasquale,B2,E415,,+  ,+  ,E415,HET
T1680064,Epha4_KO_Pasquale,C2,E420,,+  ,+  ,E420,HET
T1680064,Epha4_KO_Pasquale,D2,E421,,+  ,+  ,E421,HET
T1680064,Epha4_KO_Pasquale,H2,E512,,-  ,+  ,E512,WT
T1680064,Epha4_KO_Pasquale,A3,E513,,-  ,+  ,E513,WT
T1680064,Epha4_KO_Pasquale,B3,E514,,+  ,+  ,E514,HET
T1680064,Epha4_KO_Pasquale,D3,E518,,+  ,+  ,E518,HET
T1680064,Epha4_KO_Pasquale,E3,E519,,-  ,+  ,E519,WT
T1680064,Epha4_KO_Pasquale,F3,E520,,+  ,+  ,E520,HET
T1680064,Epha4_KO_Pasquale,G3,E521,,-  ,+  ,E521,WT
T1680064,Epha4_KO_Pasquale,H3,E522,,+  ,+  ,E522,HET
T1680064,Epha4_KO_Pasquale,A4,E523,,-  ,+  ,E523,WT
T1680064,Epha4_KO_Pasquale,B4,E524,,-  ,+  ,E524,WT
T1680064,Epha4_KO_Pasquale,C4,E525,,-  ,+  ,E525,WT
T1680064,Epha4_KO_Pasquale,D4,E526,,-  ,+  ,E526,WT
T1680064,Epha4_KO_Pasquale,E4,E527,,+  ,+  ,E527,HET
T1831328,Epha4_KO_Pasquale,A1,E579,,-  ,+  ,E579,WT
T1831328,Epha4_KO_Pasquale,B1,E581,,+  ,+  ,E581,HET
T1831328,Epha4_KO_Pasquale,C1,E582,,+  ,+  ,E582,HET
T1831328,Epha4_KO_Pasquale,D1,E585,,-  ,+  ,E585,WT
T1831328,Epha4_KO_Pasquale,E1,E586,,-  ,+  ,E586,WT
T1831328,Epha4_KO_Pasquale,F1,E587,,+  ,+  ,E587,HET
T1831328,Epha4_KO_Pasquale,G1,E589,,+  ,+  ,E589,HET
T1831328,Epha4_KO_Pasquale,H1,E590,,-  ,+  ,E590,WT
T1831328,Epha4_KO_Pasquale,A2,E591,,-  ,+  ,E591,WT
T1831328,Epha4_KO_Pasquale,B2,E592,,+  ,+  ,E592,HET
T1831328,Epha4_KO_Pasquale,C2,E605,,-  ,+  ,E605,WT
T1585764,Epha4_KO_Pasquale,A1,E59,,-  ,+  ,E59,WT
T1585764,Epha4_KO_Pasquale,B1,E61,,-  ,+  ,E61,WT
T1585764,Epha4_KO_Pasquale,C1,E73,,-  ,+  ,E73,WT
T1585764,Epha4_KO_Pasquale,D1,E74,,+  ,+  ,E74,HET
T1585764,Epha4_KO_Pasquale,E1,E75,,+  ,+  ,E75,HET
T1585764,Epha4_KO_Pasquale,F1,E76,,-  ,+  ,E76,WT
T1585764,Epha4_KO_Pasquale,G1,E77,,+  ,+  ,E77,HET
T1585764,Epha4_KO_Pasquale,H1,E78,,+  ,+  ,E78,HET
T1585764,Epha4_KO_Pasquale,A2,E97,,+  ,+  ,E97,HET
T1585764,Epha4_KO_Pasquale,B2,E98,,+  ,+  ,E98,HET
T1630985,Epha4_KO_Pasquale,C1,E86,,+  ,+  ,E86,HET
T1630985,Epha4_KO_Pasquale,D1,E90,,+  ,+  ,E90,HET
T1630985,Epha4_KO_Pasquale,E1,E91,,+  ,+  ,E91,HET
T1630985,Epha4_KO_Pasquale,F1,E92,,+  ,+  ,E92,HET
T1680061,Epha4_KO_Pasquale,A1,E191,,+  ,+  ,E191,HET
T1680061,Epha4_KO_Pasquale,B1,E193,,-  ,+  ,E193,WT
T1680061,Epha4_KO_Pasquale,C1,E186,,-  ,+  ,E186,WT
T1680061,Epha4_KO_Pasquale,D1,E196,,-  ,+  ,E196,WT
T1680061,Epha4_KO_Pasquale,E1,E192,,+  ,+  ,E192,HET
T1680061,Epha4_KO_Pasquale,F1,E194,,+  ,+  ,E194,HET
T1680061,Epha4_KO_Pasquale,G1,E204,,+  ,+  ,E204,HET
T1680061,Epha4_KO_Pasquale,H1,E200,,-  ,+  ,E200,WT
T1680061,Epha4_KO_Pasquale,A2,E199,,+  ,+  ,E199,HET
T1680061,Epha4_KO_Pasquale,B2,E208,,-  ,+  ,E208,WT
T1680061,Epha4_KO_Pasquale,C2,E207,,-  ,+  ,E207,WT
T1680061,Epha4_KO_Pasquale,D2,E205,,+  ,+  ,E205,HET
T1680061,Epha4_KO_Pasquale,E2,E209,,-  ,+  ,E209,WT
T1680061,Epha4_KO_Pasquale,F2,E210,,-  ,+  ,E210,WT
T1680061,Epha4_KO_Pasquale,G2,E211,,+  ,+  ,E211,HET
T1680060,Epha4_KO_Pasquale,A1,E113,,+  ,+  ,E113,HET
T1680060,Epha4_KO_Pasquale,D1,E116,,-  ,+  ,E116,WT
T1680060,Epha4_KO_Pasquale,D2,E99,,-  ,+  ,E99,WT
T1630986,Epha4_KO_Pasquale,A1,E107,,+  ,+  ,E107,HET
T1630986,Epha4_KO_Pasquale,B1,E109,,+  ,+  ,E109,HET
T1630986,Epha4_KO_Pasquale,C1,E111,,-  ,+  ,E111,WT
T1630986,Epha4_KO_Pasquale,D1,E112,,+  ,+  ,E112,HET
T1630986,Epha4_KO_Pasquale,A2,E142,,-  ,+  ,E142,WT
T1630986,Epha4_KO_Pasquale,B2,E147,,-  ,+  ,E147,WT
T1630986,Epha4_KO_Pasquale,C2,E148,,+  ,+  ,E148,HET
T1630986,Epha4_KO_Pasquale,D2,E149,,-  ,+  ,E149,WT
T1630986,Epha4_KO_Pasquale,E2,E152,,-  ,+  ,E152,WT
T1630986,Epha4_KO_Pasquale,F2,E153,,-  ,+  ,E153,WT
T1630986,Epha4_KO_Pasquale,G2,E154,,-  ,+  ,E154,WT
T1680063,Epha4_KO_Pasquale,A1,E227,,+  ,+  ,E227,HET
T1680063,Epha4_KO_Pasquale,B1,E229,,+  ,+  ,E229,HET
T1680063,Epha4_KO_Pasquale,D1,E231,,-  ,+  ,E231,WT
T1630987,Epha4_KO_Pasquale,H1,E138,,-  ,+  ,E138,WT
T1630987,Epha4_KO_Pasquale,A2,E140,,+  ,+  ,E140,HET
T1901467,Epha4_KO_Pasquale,A1,E771,,-  ,+  ,E771,WT
T1901467,Epha4_KO_Pasquale,B1,E772,,+  ,+  ,E772,HET
T1901467,Epha4_KO_Pasquale,C1,E773,,-  ,+  ,E773,WT
T1901467,Epha4_KO_Pasquale,D1,E774,,-  ,+  ,E774,WT
T1901467,Epha4_KO_Pasquale,E1,E775,,+  ,+  ,E775,HET
T1901467,Epha4_KO_Pasquale,F1,E776,,+  ,+  ,E776,HET
T1901467,Epha4_KO_Pasquale,G1,E780,,+  ,+  ,E780,HET
T1901467,Epha4_KO_Pasquale,C2,E834,,+  ,+  ,E834,HET
T1901467,Epha4_KO_Pasquale,D2,E835,,+  ,+  ,E835,HET
T1901467,Epha4_KO_Pasquale,E2,E836,,+  ,+  ,E836,HET
T1901467,Epha4_KO_Pasquale,F2,E837,,+  ,+  ,E837,HET
T1901466,Epha4_KO_Pasquale,B1,E700,,+  ,+  ,E700,HET
T1901466,Epha4_KO_Pasquale,C1,E701,,-  ,+  ,E701,WT
T1901466,Epha4_KO_Pasquale,D1,E702,,-  ,+  ,E702,WT
T1901466,Epha4_KO_Pasquale,E1,E703,,+  ,+  ,E703,HET
T1901466,Epha4_KO_Pasquale,F1,E704,,+  ,+  ,E704,HET
T1901466,Epha4_KO_Pasquale,G1,E705,,-  ,+  ,E705,WT
T1901466,Epha4_KO_Pasquale,H1,E706,,-  ,+  ,E706,WT
T1901466,Epha4_KO_Pasquale,A2,E707,,+  ,+  ,E707,HET
T1874358,Epha4_KO_Pasquale,A1,E708,,+  ,+  ,E708,HET
T1874358,Epha4_KO_Pasquale,B1,E709,,-  ,+  ,E709,WT
T1874358,Epha4_KO_Pasquale,C1,E710,,+  ,+  ,E710,HET
T1874358,Epha4_KO_Pasquale,D1,E711,,-  ,+  ,E711,WT
T1874358,Epha4_KO_Pasquale,B2,E781,,-  ,+  ,E781,WT
T1874358,Epha4_KO_Pasquale,C2,E782,,-  ,+  ,E782,WT
T1874358,Epha4_KO_Pasquale,D2,E783,,+  ,+  ,E783,HET
T1874358,Epha4_KO_Pasquale,E2,E784,,-  ,+  ,E784,WT
T1791240,Epha4_KO_Pasquale,A1,E265,,-  ,+  ,E265,WT
T1791240,Epha4_KO_Pasquale,B1,E266,,-  ,+  ,E266,WT
T1791240,Epha4_KO_Pasquale,C1,E267,,+  ,+  ,E267,HET
T1791240,Epha4_KO_Pasquale,D1,E268,,-  ,+  ,E268,WT
T1791240,Epha4_KO_Pasquale,E1,E269,,+  ,+  ,E269,HET
T1791240,Epha4_KO_Pasquale,F1,E270,,-  ,+  ,E270,WT
T1791240,Epha4_KO_Pasquale,G1,E271,,+  ,+  ,E271,HET
T1791240,Epha4_KO_Pasquale,H1,E272,,-  ,+  ,E272,WT
T1791240,Epha4_KO_Pasquale,A2,E273,,-  ,+  ,E273,WT
T1791240,Epha4_KO_Pasquale,C2,E275,,+  ,+  ,E275,HET
T1791240,Epha4_KO_Pasquale,D2,E280,,+  ,+  ,E280,HET
T1791240,Epha4_KO_Pasquale,E2,E281,,-  ,+  ,E281,WT
T1791240,Epha4_KO_Pasquale,F2,E282,,+  ,+  ,E282,HET
T1791240,Epha4_KO_Pasquale,G2,E283,,-  ,+  ,E283,WT
T1791240,Epha4_KO_Pasquale,A3,E287,,-  ,+  ,E287,WT
T1791240,Epha4_KO_Pasquale,C3,E293,,+  ,+  ,E293,HET
T1791240,Epha4_KO_Pasquale,D3,E294,,+  ,+  ,E294,HET
T1791240,Epha4_KO_Pasquale,E3,E302,,-  ,+  ,E302,WT
T1791240,Epha4_KO_Pasquale,G3,E304,,-  ,+  ,E304,WT
T1791240,Epha4_KO_Pasquale,H3,E305,,+  ,+  ,E305,HET
T1791240,Epha4_KO_Pasquale,A4,E306,,+  ,+  ,E306,HET
T1791240,Epha4_KO_Pasquale,B4,E307,,+  ,+  ,E307,HET
T1791240,Epha4_KO_Pasquale,C4,E308,,+  ,+  ,E308,HET
T1791240,Epha4_KO_Pasquale,D4,E309,,-  ,+  ,E309,WT
T1791240,Epha4_KO_Pasquale,G5,E373,,+  ,+  ,E373,HET
T1791240,Epha4_KO_Pasquale,H5,E374,,-  ,+  ,E374,WT
T1791240,Epha4_KO_Pasquale,A6,E375,,+  ,+  ,E375,HET
T1791240,Epha4_KO_Pasquale,B6,E376,,+  ,+  ,E376,HET
T1791240,Epha4_KO_Pasquale,C6,E377,,+  ,+  ,E377,HET
T1791240,Epha4_KO_Pasquale,E6,E379,,+  ,+  ,E379,HET
T1791240,Epha4_KO_Pasquale,F6,E380,,+  ,+  ,E380,HET
T1901464,Epha4_KO_Pasquale,E1,E788,,-  ,+  ,E788,WT
T1901464,Epha4_KO_Pasquale,F1,E790,,+  ,+  ,E790,HET
T1901465,Epha4_KO_Pasquale,A1,E791,,-  ,+  ,E791,WT
T1901465,Epha4_KO_Pasquale,B1,E793,,-  ,+  ,E793,WT
T1901465,Epha4_KO_Pasquale,C1,E794,,-  ,+  ,E794,WT
T1901465,Epha4_KO_Pasquale,D1,E795,,-  ,+  ,E795,WT
T1901465,Epha4_KO_Pasquale,E1,E796,,+  ,+  ,E796,HET
T1901465,Epha4_KO_Pasquale,F1,E801,,-  ,+  ,E801,WT
T1901465,Epha4_KO_Pasquale,G1,E802,,+  ,+  ,E802,HET
T1901465,Epha4_KO_Pasquale,H1,E803,,-  ,+  ,E803,WT
T1901465,Epha4_KO_Pasquale,A2,E804,,+  ,+  ,E804,HET
T1901465,Epha4_KO_Pasquale,B2,E805,,-  ,+  ,E805,WT
T1901465,Epha4_KO_Pasquale,C2,E806,,-  ,+  ,E806,WT
T1791241,Epha4_KO_Pasquale,A1,E329,,-  ,+  ,E329,WT
T1791241,Epha4_KO_Pasquale,B1,E330,,+  ,+  ,E330,HET
T1791241,Epha4_KO_Pasquale,C1,E331,,-  ,+  ,E331,WT
T1791241,Epha4_KO_Pasquale,D1,E337,,-  ,+  ,E337,WT
T1791241,Epha4_KO_Pasquale,E1,E339,,+  ,+  ,E339,HET
T1791241,Epha4_KO_Pasquale,F1,E340,,-  ,+  ,E340,WT
T1791241,Epha4_KO_Pasquale,G1,E341,,-  ,+  ,E341,WT
T1791241,Epha4_KO_Pasquale,H1,E342,,-  ,+  ,E342,WT
T1791241,Epha4_KO_Pasquale,A2,E343,,-  ,+  ,E343,WT
T1791241,Epha4_KO_Pasquale,C2,E345,,-  ,+  ,E345,WT
T1791241,Epha4_KO_Pasquale,D2,E346,,+  ,+  ,E346,HET
T1791241,Epha4_KO_Pasquale,E2,E348,,-  ,+  ,E348,WT
T1791241,Epha4_KO_Pasquale,F2,E349,,+  ,+  ,E349,HET
T1791241,Epha4_KO_Pasquale,G2,E350,,+  ,+  ,E350,HET
T1791241,Epha4_KO_Pasquale,H2,E351,,-  ,+  ,E351,WT
T1791241,Epha4_KO_Pasquale,A3,E352,,+  ,+  ,E352,HET
T1791241,Epha4_KO_Pasquale,C3,E365,,+  ,+  ,E365,HET
T1400094,Epha4_KO_Pasquale,A1,230001519,,-  ,+  ,E2,WT
T1400094,Epha4_KO_Pasquale,B1,230002149,,-  ,+  ,E6,WT
T1400094,Epha4_KO_Pasquale,C1,230002150,,-  ,+  ,E7,WT
T1400094,Epha4_KO_Pasquale,D1,230002151,,+  ,+  ,E8,HET
T1400094,Epha4_KO_Pasquale,E1,230002152,,+  ,+  ,E9,HET
T1400094,Epha4_KO_Pasquale,F1,230002153,,-  ,+  ,E10,WT
T1400094,Epha4_KO_Pasquale,G1,230002154,,+  ,+  ,E11,HET
T1901461,Epha4_KO_Pasquale,A1,E744,,+  ,+  ,E744,HET
T1901461,Epha4_KO_Pasquale,B1,E745,,-  ,+  ,E745,WT
T1901461,Epha4_KO_Pasquale,E1,E748,,-  ,+  ,E748,WT
T1901461,Epha4_KO_Pasquale,F1,E754,,-  ,+  ,E754,WT
T1901461,Epha4_KO_Pasquale,G1,E757,,+  ,+  ,E757,HET
T1901461,Epha4_KO_Pasquale,H1,E762,,+  ,+  ,E762,HET
T1901461,Epha4_KO_Pasquale,A2,E763,,-  ,+  ,E763,WT
T1901461,Epha4_KO_Pasquale,B2,E764,,-  ,+  ,E764,WT
T1901461,Epha4_KO_Pasquale,C2,E767,,-  ,+  ,E767,WT
T1901461,Epha4_KO_Pasquale,E2,E769,,+  ,+  ,E769,HET
T1901460,Epha4_KO_Pasquale,B1,E821,,+  ,+  ,E821,HET
T1901460,Epha4_KO_Pasquale,C1,E822,,+  ,+  ,E822,HET
T1901460,Epha4_KO_Pasquale,D1,E823,,+  ,+  ,E823,HET
T1901460,Epha4_KO_Pasquale,E1,E825,,-  ,+  ,E825,WT
T1901460,Epha4_KO_Pasquale,F1,E826,,+  ,+  ,E826,HET
T1901460,Epha4_KO_Pasquale,G1,E827,,+  ,+  ,E827,HET
T1901460,Epha4_KO_Pasquale,H1,E831,,-  ,+  ,E831,WT
T1901460,Epha4_KO_Pasquale,A2,E832,,-  ,+  ,E832,WT
T1901460,Epha4_KO_Pasquale,B2,E833,,-  ,+  ,E833,WT
T1901460,Epha4_KO_Pasquale,G2,E838,,-  ,+  ,E838,WT
T1901460,Epha4_KO_Pasquale,H2,E840,,-  ,+  ,E840,WT
T1901460,Epha4_KO_Pasquale,A3,E841,,+  ,+  ,E841,HET
T1901460,Epha4_KO_Pasquale,B3,E845,,-  ,+  ,E845,WT
T1901460,Epha4_KO_Pasquale,C3,E846,,+  ,+  ,E846,HET
T1901460,Epha4_KO_Pasquale,D3,E847,,-  ,+  ,E847,WT
T1901460,Epha4_KO_Pasquale,E3,E848,,-  ,+  ,E848,WT
T1901463,Epha4_KO_Pasquale,A1,E749,,-  ,+  ,E749,WT
T1901463,Epha4_KO_Pasquale,B1,E750,,-  ,+  ,E750,WT
T1901463,Epha4_KO_Pasquale,C1,E751,,-  ,+  ,E751,WT
T1901463,Epha4_KO_Pasquale,E1,E759,,+  ,+  ,E759,HET
T1901463,Epha4_KO_Pasquale,F1,E760,,+  ,+  ,E760,HET
T1901463,Epha4_KO_Pasquale,G1,E761,,-  ,+  ,E761,WT
T1901463,Epha4_KO_Pasquale,H1,E765,,-  ,+  ,E765,WT
T1901463,Epha4_KO_Pasquale,A2,E766,,+  ,+  ,E766,HET
T1743643,Epha4_KO_Pasquale,H1,E310,,-  ,+  ,E310,WT
T1743643,Epha4_KO_Pasquale,A2,E311,,-  ,+  ,E311,WT
T1743643,Epha4_KO_Pasquale,B2,E312,,-  ,+  ,E312,WT
T1743643,Epha4_KO_Pasquale,C2,E313,,-  ,+  ,E313,WT
T1743643,Epha4_KO_Pasquale,D2,E314,,-  ,+  ,E314,WT
T1743643,Epha4_KO_Pasquale,E2,E167,,+  ,+  ,E167,HET
T1743643,Epha4_KO_Pasquale,F2,E168,,-  ,+  ,E168,WT
T1743643,Epha4_KO_Pasquale,G2,E169,,+  ,+  ,E169,HET
T1743643,Epha4_KO_Pasquale,H2,E170,,-  ,+  ,E170,WT
T1743642,Epha4_KO_Pasquale,A1,E368,,-  ,+  ,E368,WT
T1743642,Epha4_KO_Pasquale,A2,E381,,-  ,+  ,E381,WT
T1743642,Epha4_KO_Pasquale,B2,E384,,-  ,+  ,E384,WT
T1743642,Epha4_KO_Pasquale,C2,E385,,-  ,+  ,E385,WT
T1743642,Epha4_KO_Pasquale,D2,E386,,+  ,+  ,E386,HET
T1743642,Epha4_KO_Pasquale,E2,E387,,-  ,+  ,E387,WT
T1743642,Epha4_KO_Pasquale,F2,E388,,-  ,+  ,E388,WT
T1743642,Epha4_KO_Pasquale,G2,E392,,-  ,+  ,E392,WT
T1743642,Epha4_KO_Pasquale,H2,E393,,+  ,+  ,E393,HET
T1743642,Epha4_KO_Pasquale,A3,E394,,-  ,+  ,E394,WT
T1743642,Epha4_KO_Pasquale,B3,E395,,+  ,+  ,E395,HET
T1743642,Epha4_KO_Pasquale,C3,E397,,+  ,+  ,E397,HET
T1743642,Epha4_KO_Pasquale,D3,E398,,-  ,+  ,E398,WT
T1743642,Epha4_KO_Pasquale,E3,E503,,+  ,+  ,E503,HET
T1743642,Epha4_KO_Pasquale,G3,E505,,-  ,+  ,E505,WT
T1743642,Epha4_KO_Pasquale,H3,E506,,-  ,+  ,E506,WT
T1743642,Epha4_KO_Pasquale,A4,E507,,+  ,+  ,E507,HET
T1743642,Epha4_KO_Pasquale,B4,E508,,-  ,+  ,E508,WT
T1874356,Epha4_KO_Pasquale,A1,E556,,+  ,+  ,E556,HET
T1874356,Epha4_KO_Pasquale,B1,E557,,+  ,+  ,E557,HET
T1874356,Epha4_KO_Pasquale,D1,E559,,-  ,+  ,E559,WT
T1874356,Epha4_KO_Pasquale,E1,E560,,-  ,+  ,E560,WT
T1874356,Epha4_KO_Pasquale,F1,E562,,+  ,+  ,E562,HET
T1874356,Epha4_KO_Pasquale,G1,E568,,-  ,+  ,E568,WT
T1874356,Epha4_KO_Pasquale,H1,E569,,+  ,+  ,E569,HET
T1874356,Epha4_KO_Pasquale,A2,E570,,-  ,+  ,E570,WT
T1874356,Epha4_KO_Pasquale,B2,E571,,+  ,+  ,E571,HET
T1874356,Epha4_KO_Pasquale,C2,E574,,-  ,+  ,E574,WT
T1874356,Epha4_KO_Pasquale,D2,E575,,+  ,+  ,E575,HET
T1901469,Epha4_KO_Pasquale,A1,E691,,-  ,+  ,E691,WT
T1901469,Epha4_KO_Pasquale,C1,E739,,-  ,+  ,E739,WT
T1901469,Epha4_KO_Pasquale,D1,E740,,+  ,+  ,E740,HET
T1901469,Epha4_KO_Pasquale,E1,E741,,+  ,+  ,E741,HET
T1901469,Epha4_KO_Pasquale,F1,E742,,+  ,+  ,E742,HET
T1901469,Epha4_KO_Pasquale,G1,E743,,-  ,+  ,E743,WT
T1901469,Epha4_KO_Pasquale,E2,E768,,-  ,+  ,E768,WT
T1874357,Epha4_KO_Pasquale,B1,E648,,-  ,+  ,E648,WT
T1874357,Epha4_KO_Pasquale,C1,E658,,+  ,+  ,E658,HET
T1874357,Epha4_KO_Pasquale,H1,E732,,+  ,+  ,E732,HET
T1874357,Epha4_KO_Pasquale,A2,E736,,+  ,+  ,E736,HET
T1874357,Epha4_KO_Pasquale,B2,E737,,+  ,+  ,E737,HET
T1874357,Epha4_KO_Pasquale,C2,E738,,+  ,+  ,E738,HET
T1743641,Epha4_KO_Pasquale,A1,E353,,-  ,+  ,E353,WT
T1743641,Epha4_KO_Pasquale,B1,E355,,-  ,+  ,E355,WT
T1743641,Epha4_KO_Pasquale,C1,E356,,+  ,+  ,E356,HET
T1743641,Epha4_KO_Pasquale,D1,E361,,-  ,+  ,E361,WT
T1743641,Epha4_KO_Pasquale,E1,E362,,+  ,+  ,E362,HET
T1743641,Epha4_KO_Pasquale,A2,E463,,-  ,+  ,E463,WT
T1743641,Epha4_KO_Pasquale,B2,E464,,+  ,+  ,E464,HET
T1743641,Epha4_KO_Pasquale,E2,E468,,+  ,+  ,E468,HET
T1743641,Epha4_KO_Pasquale,F2,E469,,-  ,+  ,E469,WT
T1743641,Epha4_KO_Pasquale,G2,E470,,+  ,+  ,E470,HET
T1874355,Epha4_KO_Pasquale,A1,E712,,+  ,+  ,E712,HET
T1874355,Epha4_KO_Pasquale,B1,E713,,+  ,+  ,E713,HET
T1874355,Epha4_KO_Pasquale,C1,E714,,+  ,+  ,E714,HET
T1743645,Epha4_KO_Pasquale,B1,E532,,-  ,+  ,E532,WT
T1743645,Epha4_KO_Pasquale,C1,E533,,+  ,+  ,E533,HET
T1743645,Epha4_KO_Pasquale,D1,E534,,-  ,+  ,E534,WT
T1743645,Epha4_KO_Pasquale,E1,E535,,+  ,+  ,E535,HET
T1743644,Epha4_KO_Pasquale,A1,E422,,+  ,+  ,E422,HET
T1743644,Epha4_KO_Pasquale,B1,E423,,-  ,+  ,E423,WT
T1743644,Epha4_KO_Pasquale,D1,E425,,+  ,+  ,E425,HET
T1743644,Epha4_KO_Pasquale,E1,E426,,-  ,+  ,E426,WT
T1743644,Epha4_KO_Pasquale,F1,E427,,-  ,+  ,E427,WT
T1743644,Epha4_KO_Pasquale,G1,E428,,-  ,+  ,E428,WT
T1743644,Epha4_KO_Pasquale,H1,E431,,+  ,+  ,E431,HET
T1743644,Epha4_KO_Pasquale,A2,E432,,-  ,+  ,E432,WT
T1743644,Epha4_KO_Pasquale,B2,E472,,+  ,+  ,E472,HET
T1874354,Epha4_KO_Pasquale,A1,E615,,+  ,+  ,E615,HET
T1874354,Epha4_KO_Pasquale,B1,E623,,+  ,+  ,E623,HET
T1790916,Epha4_KO_Pasquale,C1,E324,,-  ,+  ,E324,WT
T1790916,Epha4_KO_Pasquale,D1,E325,,-  ,+  ,E325,WT
T1790916,Epha4_KO_Pasquale,E1,E326,,-  ,+  ,E326,WT
T1790916,Epha4_KO_Pasquale,F1,E327,,-  ,+  ,E327,WT
T1790916,Epha4_KO_Pasquale,G1,E328,,-  ,+  ,E328,WT
T1790916,Epha4_KO_Pasquale,H1,E333,,-  ,+  ,E333,WT
T1790915,Epha4_KO_Pasquale,F1,E315,,+  ,+  ,E315,HET
T1790915,Epha4_KO_Pasquale,G1,E316,,+  ,+  ,E316,HET
T1630989,Epha4_KO_Pasquale,A1,E214,,+  ,+  ,E214,HET
T1630989,Epha4_KO_Pasquale,C1,E216,,-  ,+  ,E216,WT
T1630989,Epha4_KO_Pasquale,D1,E219,,-  ,+  ,E219,WT
T1630989,Epha4_KO_Pasquale,E1,E220,,-  ,+  ,E220,WT
T1630988,Epha4_KO_Pasquale,H1,E171,,-  ,+  ,E171,WT
T1630988,Epha4_KO_Pasquale,A2,E172,,+  ,+  ,E172,HET
T1630988,Epha4_KO_Pasquale,B2,E173,,-  ,+  ,E173,WT
T1630988,Epha4_KO_Pasquale,C2,E174,,+  ,+  ,E174,HET
T1630988,Epha4_KO_Pasquale,D2,E175,,+  ,+  ,E175,HET
T1630988,Epha4_KO_Pasquale,E2,E184,,+  ,+  ,E184,HET
T1630988,Epha4_KO_Pasquale,F2,E185,,-  ,+  ,E185,WT
T1630988,Epha4_KO_Pasquale,G2,E879,,+  ,+  ,E879,HET
T1630988,Epha4_KO_Pasquale,H2,E880,,-  ,+  ,E880,WT
T1630988,Epha4_KO_Pasquale,A3,E881,,+  ,+  ,E881,HET
T1831325,Epha4_KO_Pasquale,A1,E538,,+  ,+  ,E538,HET
T1831325,Epha4_KO_Pasquale,B1,E541,,+  ,+  ,E541,HET
T1831325,Epha4_KO_Pasquale,C1,E542,,-  ,+  ,E542,WT
T1831325,Epha4_KO_Pasquale,D1,E543,,-  ,+  ,E543,WT
T1831325,Epha4_KO_Pasquale,E1,E544,,-  ,+  ,E544,WT
T1831325,Epha4_KO_Pasquale,F1,E545,,-  ,+  ,E545,WT
T1831325,Epha4_KO_Pasquale,G1,E546,,-  ,+  ,E546,WT
T1831325,Epha4_KO_Pasquale,H1,E547,,-  ,+  ,E547,WT
T1831325,Epha4_KO_Pasquale,A2,E548,,+  ,+  ,E548,HET
T1831325,Epha4_KO_Pasquale,B2,E550,,-  ,+  ,E550,WT
T1831325,Epha4_KO_Pasquale,C2,E551,,-  ,+  ,E551,WT
T1831325,Epha4_KO_Pasquale,D2,E552,,-  ,+  ,E552,WT
T1831325,Epha4_KO_Pasquale,E2,E553,,-  ,+  ,E553,WT
T1831325,Epha4_KO_Pasquale,F2,E554,,-  ,+  ,E554,WT
T1831325,Epha4_KO_Pasquale,G2,E555,,+  ,+  ,E555,HET
T1563148,Epha4_KO_Pasquale,A1,E24,,+  ,+  ,E24,HET
T1563148,Epha4_KO_Pasquale,B1,E25,,+  ,+  ,E25,HET
T1563148,Epha4_KO_Pasquale,C1,E28,,-  ,+  ,E28,WT
T1563148,Epha4_KO_Pasquale,D1,E29,,-  ,+  ,E29,WT
T1563148,Epha4_KO_Pasquale,E1,E30,,+  ,+  ,E30,HET
T1563148,Epha4_KO_Pasquale,F1,E31,,+  ,+  ,E31,HET
T1831326,Epha4_KO_Pasquale,B1,E474,,+  ,+  ,E474,HET
T1831326,Epha4_KO_Pasquale,C1,E475,,-  ,+  ,E475,WT
T1831326,Epha4_KO_Pasquale,D1,E476,,-  ,+  ,E476,WT
T1831326,Epha4_KO_Pasquale,E1,E477,,+  ,+  ,E477,HET
T1831326,Epha4_KO_Pasquale,F1,E478,,+  ,+  ,E478,HET
T1831326,Epha4_KO_Pasquale,G1,E482,,-  ,+  ,E482,WT
T1831326,Epha4_KO_Pasquale,H1,E483,,-  ,+  ,E483,WT
T1831326,Epha4_KO_Pasquale,A2,E484,,+  ,+  ,E484,HET
T1831326,Epha4_KO_Pasquale,B2,E486,,+  ,+  ,E486,HET
T1831326,Epha4_KO_Pasquale,C2,E491,,-  ,+  ,E491,WT
T1831326,Epha4_KO_Pasquale,D2,E492,,+  ,+  ,E492,HET
T1831326,Epha4_KO_Pasquale,E2,E494,,-  ,+  ,E494,WT
T1831326,Epha4_KO_Pasquale,F2,E495,,+  ,+  ,E495,HET
T1831326,Epha4_KO_Pasquale,H4,E528,,+  ,+  ,E528,HET
T1831326,Epha4_KO_Pasquale,A5,E529,,-  ,+  ,E529,WT
T1831326,Epha4_KO_Pasquale,B5,E530,,+  ,+  ,E530,HET
T1831326,Epha4_KO_Pasquale,C5,E531,,-  ,+  ,E531,WT
T1831327,Epha4_KO_Pasquale,A1,E441,,-  ,+  ,E441,WT
T1831327,Epha4_KO_Pasquale,B1,E442,,-  ,+  ,E442,WT
T1831327,Epha4_KO_Pasquale,C1,E443,,+  ,+  ,E443,HET
T1831327,Epha4_KO_Pasquale,D1,E449,,+  ,+  ,E449,HET
T1831327,Epha4_KO_Pasquale,E1,E450,,-  ,+  ,E450,WT
T1831327,Epha4_KO_Pasquale,G1,E452,,-  ,+  ,E452,WT
T1831327,Epha4_KO_Pasquale,H1,E453,,+  ,+  ,E453,HET
T1831327,Epha4_KO_Pasquale,A2,E454,,-  ,+  ,E454,WT
T1831327,Epha4_KO_Pasquale,B2,E458,,-  ,+  ,E458,WT
T1831327,Epha4_KO_Pasquale,C2,E459,,+  ,+  ,E459,HET
T1831327,Epha4_KO_Pasquale,D2,E460,,-  ,+  ,E460,WT