Area,Mean,Min,Max,ID,Diameter (mm),Comments,Date measurement (mm/dd/yy),was open at punching?
3.33,121.257,68,147,E2_L,2.06,Open,12/31/24,yes
0.13,120.828,89,170,M2_R,0.41,,12/31/24,
1.14,124.878,74,190,M2_L,1.20,,12/31/24,
3.44,161.959,90,188,E6_L,2.09,,12/31/24,
1.42,112.895,50,191,D1_R,1.34,,12/31/24,yes
3.99,67.876,27,196,D1_L,2.25,Open,12/31/24,
3.83,173.272,83,195,E7_L,2.21,Open,12/31/24,
4.06,93.158,40,153,D2_R,2.27,,12/31/24,
4.18,95.835,46,221,D2_L,2.31,Open,12/31/24,
2.21,122.896,80,184,E8_L,1.68,,1/14/25,
1.20,108.77,56,175,D6_R,1.24,,12/31/24,
2.36,107.54,50,178,D6_L,1.73,,12/31/24,
3.70,167.033,87,198,E9_L,2.17,,12/31/24,
2.01,113.439,64,209,D7_R,1.60,,12/31/24,
2.45,106.93,64,175,D7_L,1.77,,12/31/24,
2.45,149.609,99,195,E10_L,1.77,,12/31/24,
1.43,112.518,61,158,D8_R,1.35,,12/31/24,
2.44,111.05,54,173,D8_L,1.76,,12/31/24,
2.69,152.476,81,189,E11_L,1.85,,12/31/24,
2.78,132.895,65,174,C7_R,1.88,,12/31/24,
1.46,154.758,94,195,C7_L,1.36,,12/31/24,
1.77,130.339,71,189,E20_L,1.50,,12/31/24,
2.64,76.953,35,229,M3_R,1.83,,12/31/24,
2.36,112.143,72,220,M3_L,1.73,Open,12/31/24,
2.99,141.246,62,171,E21_L,1.95,,12/31/24,
3.05,94.28,49,200,M5_R,1.97,Open,12/31/24,
0.00,0.00,0.00,0.00,M5_L,0.00,Totally closed,12/31/24,
2.14,152.812,92,194,E22_L,1.65,,12/31/24,
1.43,93.268,49,188,M6_R,1.35,,12/31/24,
1.35,105.932,52,213,M6_L,1.31,,12/31/24,
1.80,142.718,80,180,E24_L,1.51,,12/31/24,
1.50,115.744,52,172,C13_R,1.38,Open,12/31/24,
2.12,134.033,81,169,C13_L,1.64,,1/14/25,
1.80,126.973,75,159,E25_L,1.51,,1/8/25,
2.08,137.582,48,193,C14_R,1.63,Open,1/8/25,
2.16,120.381,66,166,C14_L,1.66,,1/8/25,
2.08,138.942,91,178,E28_L,1.63,,1/8/25,
1.64,126.651,65,185,C16_R,1.44,Open,1/8/25,
1.42,112.447,69,150,C16_L,1.34,,1/8/25,
5.43,181.205,89,207,E29_L,2.63,Open,1/8/25,yes
2.68,130.309,56,187,C17_R,1.85,Open,1/8/25,
0.64,121.363,85,165,C17_L,0.90,,1/8/25,
2.77,151.314,84,192,E30_L,1.88,,1/8/25,
2.79,97.926,47,191,D14_R,1.88,,1/8/25,
3.83,94.105,52,210,D14_L,2.21,Open,1/8/25,
1.43,160.582,98,191,E31_L,1.35,,1/8/25,
2.33,84.877,43,210,D15_R,1.72,,1/8/25,
2.00,86.904,41,217,D15_L,1.60,,1/8/25,
4.33,131.117,68,154,E32_L,2.35,Open,1/8/25,
1.08,104.336,69,204,M17_R,1.17,,1/8/25,
1.72,86.79,44,170,M17_L,1.48,,1/8/25,
2.98,121.465,65,167,E33_L,1.95,,1/14/25,
1.28,91.297,49,207,M18_R,1.28,,1/8/25,
1.76,106.271,43,198,M18_L,1.50,,1/8/25,
3.63,163.883,85,201,E34_L,2.15,Open,1/8/25,yes
1.56,86.749,40,184,M19_R,1.41,,1/8/25,
1.48,80.498,50,193,M19_L,1.37,,1/8/25,
1.56,151.49,72,192,E35_L,1.41,,1/8/25,
0.76,84.067,40,155,M20_R,0.98,,1/8/25,
1.40,69.439,27,172,M20_L,1.33,Open,1/8/25,
1.99,152.095,88,183,E39_L,1.59,,1/8/25,
0.36,75.416,37,141,M21_R,0.68,,1/8/25,
1.02,97.588,47,152,M21_L,1.14,,1/8/25,
2.00,164.972,78,188,E40_L,1.59,Open,1/8/25,yes
0.74,93.217,50,178,M22_R,0.97,,1/8/25,
0.92,107.924,57,204,M22_L,1.08,,1/8/25,
2.18,154.917,86,183,E41_L,1.67,,1/8/25,
1.83,151.04,93,187,C18_R,1.52,,1/8/25,
0.69,115.665,81,168,C18_L,0.94,,1/8/25,
1.83,133.885,93,166,E44_L,1.53,,1/8/25,
2.29,138.052,86,177,B14_R,1.71,,1/8/25,
1.87,145.21,78,199,B14_L,1.54,,1/8/25,
1.96,132.752,81,177,E49_L,1.58,,1/8/25,
1.85,157.596,105,210,B15_R,1.53,,1/8/25,
2.55,146.27,79,182,B15_L,1.80,,1/8/25,
1.41,164.544,107,184,E50_L,1.34,,1/8/25,
1.82,132.142,81,171,B16_R,1.52,,1/8/25,
2.87,141.72,91,177,B16_L,1.91,Open,1/8/25,
1.93,150.231,84,188,E56_L,1.57,,1/8/25,
4.14,159.366,81,191,B17_R,2.30,,1/8/25,
3.10,134.632,63,160,B17_L,1.99,,1/8/25,
2.84,134.594,67,174,E57_L,1.90,,1/8/25,
2.59,130.421,68,178,B18_R,1.81,,1/8/25,
2.83,119.438,67,171,B18_L,1.90,,1/8/25,
2.29,139.465,94,167,E58_L,1.71,,1/8/25,
2.40,144.216,93,184,B19_R,1.75,,1/8/25,
3.77,147.902,84,186,B19_L,2.19,,1/8/25,
1.87,162.096,83,194,E59_L,1.54,,1/9/25,
1.85,151.996,83,198,B24_R,1.54,,1/9/25,
2.58,156.938,93,188,B24_L,1.81,,1/9/25,
3.20,146.979,64,180,E61_L,2.02,,1/9/25,
1.63,141.444,81,195,B25_R,1.44,,1/9/25,
2.44,143.072,77,181,B25_L,1.76,,1/9/25,
1.72,131.095,67,163,E73_L,1.48,Open,1/9/25,yes
2.50,153.939,88,184,B27_R,1.78,,1/9/25,
2.29,151.123,74,180,B27_L,1.71,,1/9/25,
2.67,155.75,91,177,E74_L,1.85,,1/9/25,
2.36,164.802,105,188,B28_R,1.73,,1/9/25,
2.40,149.308,88,178,B28_L,1.75,,1/9/25,
2.83,162.722,97,192,E75_L,1.90,,1/9/25,
2.42,164.368,98,194,B29_R,1.76,,1/9/25,
2.19,163.735,89,189,B29_L,1.67,,1/9/25,
3.72,153.2,75,177,E76_L,2.18,Open,1/9/25,yes
2.41,147.603,83,171,B30_R,1.75,,1/9/25,
1.80,157.325,92,183,B30_L,1.51,,1/9/25,
2.34,152.92,83,176,E77_L,1.73,,1/9/25,
2.59,172.805,105,197,B31_R,1.82,,1/9/25,
1.46,153.819,93,173,B31_L,1.36,,1/9/25,
4.05,142.627,74,162,E78_L,2.27,Open,1/9/25,yes
1.69,144.607,94,168,B32_R,1.47,,1/9/25,
2.05,154.604,97,176,B32_L,1.62,,1/9/25,
2.38,151.315,85,192,E79_L,1.74,,1/9/25,
1.28,153.166,82,189,C25_R,1.27,Open,1/9/25,
0.91,155.167,95,186,C25_L,1.08,,1/9/25,
2.06,142.515,82,184,E82_L,1.62,,1/9/25,
1.35,145.706,97,185,C26_R,1.31,,1/9/25,
0.29,125.99,103,156,C26_L,0.61,,1/9/25,
2.26,162.495,76,198,E86_L,1.70,,1/9/25,
2.22,71.57,31,182,M33_R,1.68,,1/9/25,
1.22,63.672,25,173,M33_L,1.25,Open,1/9/25,
2.10,162.524,72,192,E90_L,1.63,,1/9/25,
0.21,103.613,55,186,M35_R,0.52,,1/9/25,
1.30,106.22,57,242,M35_L,1.29,,1/9/25,
2.58,142.999,69,186,E91_L,1.81,,1/9/25,
0.68,107.259,61,223,M36_R,0.93,,1/9/25,
0.32,116.13,66,164,M36_L,0.63,,1/9/25,
1.86,148.504,75,189,E92_L,1.54,,1/9/25,
1.11,121.12,71,209,M37_R,1.19,,1/9/25,
0.35,99.813,55,171,M37_L,0.66,,1/9/25,
1.75,138.348,82,184,E99_L,1.49,,1/9/25,
0.97,88.636,36,153,D16_R,1.11,,1/9/25,
1.92,88.978,48,187,D16_L,1.57,,1/9/25,
2.24,145.24,77,191,E97_L,1.69,,1/9/25,
2.02,152.781,64,200,B36_R,1.60,,1/9/25,
1.90,146.746,78,180,B36_L,1.56,,1/9/25,
3.79,162.859,72,203,E98_L,2.20,,1/13/25,
1.79,162.532,94,191,B37_R,1.51,,1/13/25,
1.96,162.378,76,195,B37_L,1.58,,1/13/25,
2.59,148.451,77,193,E107_L,1.82,,1/13/25,
1.96,158.229,108,197,D24_R,1.58,,1/13/25,
2.62,162.998,91,197,D24_L,1.83,,1/13/25,
4.03,142.717,73,178,E109_L,2.27,Open,1/13/25,
1.27,158.328,91,196,D28_R,1.27,,1/13/25,
2.03,169.887,95,193,D28_L,1.61,,1/13/25,
1.66,121.385,58,188,E111_L,1.45,,1/13/25,
1.93,120.622,64,159,D27_R,1.57,,1/13/25,
1.42,128.027,84,187,D27_L,1.34,,1/13/25,
2.59,128.191,59,183,E112_L,1.82,,1/13/25,
2.82,124.882,60,181,B41_R,1.90,,1/13/25,
3.74,132.91,74,182,B41_L,2.18,Open,1/13/25,
2.77,134.605,63,185,E113_L,1.88,,1/13/25,
1.77,138.07,68,171,C33_R,1.50,Open,1/13/25,
0.45,135.187,81,179,C33_L,0.75,,1/13/25,
3.79,142.862,77,187,E116_L,2.20,Open,1/21/25,
1.39,132.832,73,168,C34_R,1.33,,1/13/25,
0.17,114.165,78,148,C34_L,0.47,,1/13/25,
1.97,140.691,68,168,E138_L,1.58,,1/13/25,
2.44,156.034,81,177,C37_R,1.76,,1/13/25,
1.99,132.427,58,178,C37_L,1.59,,1/13/25,
2.31,152.855,74,195,E140_L,1.72,,1/13/25,
1.46,127.112,61,158,C38_R,1.36,,1/13/25,
0.83,141.638,80,182,C38_L,1.03,,1/13/25,
4.25,140.546,73,160,E142_L,2.33,Open,1/13/25,
2.08,141.688,81,175,D39_R,1.63,Open,1/13/25,
2.11,123.876,78,149,D39_L,1.64,,1/13/25,
4.22,130.601,70,161,E147_L,2.32,Open,1/13/25,
1.84,145.008,91,188,D40_R,1.53,,1/13/25,
2.50,150.29,99,180,D40_L,1.78,Open,1/13/25,
2.59,133.45,77,167,E148_L,1.82,,1/13/25,
2.66,146.634,89,183,D41_R,1.84,,1/13/25,
2.57,147.327,91,187,D41_L,1.81,,1/13/25,
3.28,129.717,64,205,E149_L,2.04,Open,1/13/25,
2.54,137.755,70,173,B66_R,1.80,,1/13/25,
2.07,129.736,66,187,B66_L,1.62,,1/13/25,
3.26,131.551,54,184,E152_L,2.04,,1/13/25,
2.06,140.684,86,167,B68_R,1.62,,1/13/25,
3.38,132.128,50,185,B68_L,2.07,Open,1/13/25,
3.30,128.502,64,171,E153_L,2.05,,1/13/25,
3.59,133.341,69,170,B69_R,2.14,,1/13/25,
4.08,137.894,68,178,B69_L,2.28,Open,1/13/25,yes
4.21,135.843,61,186,E154_L,2.31,Open,1/14/25,
2.76,127.047,78,156,B70_R,1.88,,1/13/25,
12.50,140.393,68,157,B70_L,3.99,Open,1/13/25,yes
3.64,124.127,46,176,E167_L,2.15,,1/13/25,
2.02,119.458,59,173,C42_R,1.60,,1/13/25,
1.83,113.328,46,180,C42_L,1.53,Open,1/13/25,
4.52,129.252,65,163,E168_L,2.40,Open,1/13/25,
1.65,132.616,53,159,C46_R,1.45,,1/13/25,
1.19,127.441,57,173,C46_L,1.23,Open,1/13/25,
2.74,129.723,75,168,E169_L,1.87,Open,1/14/25,
2.11,128.444,58,203,C49_R,1.64,Open,1/14/25,
1.04,120.15,55,160,C49_L,1.15,,1/13/25,
4.38,139.411,63,165,E170_L,2.36,Open,1/13/25,
1.38,111.336,45,160,C50_R,1.33,,1/13/25,
1.91,137,64,185,C50_L,1.56,Open,1/14/25,
2.92,139.485,70,211,E879_L,1.93,Open,1/14/25,
3.53,148.689,78,175,B319_R,2.12,,1/14/25,
2.63,143.473,82,184,B319_L,1.83,Open,1/14/25,yes
2.46,128.643,69,161,E880_L,1.77,Open,1/14/25,
2.67,157.818,82,197,B72_R,1.84,,1/14/25,
2.89,151.809,83,179,B72_L,1.92,Open,1/14/25,
3.13,143.435,73,162,E881_L,2.00,Open,1/14/25,
2.87,152.929,80,192,B73_R,1.91,Open,1/14/25,
2.88,157.518,82,183,B73_L,1.91,Open,1/14/25,
1.83,121.292,64,165,E171_L,1.52,,1/14/25,
2.80,133.342,57,180,B77_R,1.89,,1/14/25,
3.83,112.885,63,141,B77_L,2.21,Open,1/14/25,
4.39,139.021,67,175,E172_L,2.36,Open,1/14/25,
2.81,146.186,70,180,B76_R,1.89,,1/14/25,
3.77,147.595,73,184,B76_L,2.19,Open,1/21/25,
2.96,155.925,73,185,E173_L,1.94,,1/14/25,
2.88,131.27,58,183,B81_R,1.91,,1/14/25,
3.83,127.61,58,172,B81_L,2.21,Open,1/14/25,
3.41,139.357,57,179,E174_L,2.08,,1/14/25,
1.97,134.309,75,179,B78_R,1.58,,1/14/25,
2.56,147.215,74,192,B78_L,1.80,Open,1/14/25,
3.09,135.288,66,175,E175_L,1.98,,1/14/25,
3.34,143.802,70,185,B79_R,2.06,,1/14/25,
3.79,154.798,65,182,B79_L,2.20,Open,1/14/25,
3.57,149.26,65,185,E184_L,2.13,Open,1/14/25,
2.13,164.486,86,190,B80_R,1.65,,1/14/25,
2.94,143.037,77,212,B80_L,1.93,Open,1/14/25,
1.35,129.438,80,171,E185_L,1.31,,1/14/25,
2.21,148.827,72,181,B82_R,1.68,,1/14/25,
2.46,137.955,71,173,B82_L,1.77,,1/14/25,
2.03,140.669,63,176,E186_L,1.61,,1/14/25,
2.70,138.395,70,177,B83_R,1.86,,1/14/25,
2.72,134.194,57,168,B83_L,1.86,,1/14/25,
3.80,141.297,74,188,E191_L,2.20,,1/14/25,
2.30,151.474,87,192,D44_R,1.71,,1/14/25,
2.49,149.076,78,179,D44_L,1.78,,1/14/25,
,,,,E192_L,,Did not cut ok when punched?,,
2.42,143.135,85,182,D45_R,1.75,,1/14/25,
2.52,154.358,87,182,D45_L,1.79,Open,1/14/25,
4.84,167.32,92,207,E193_L,2.48,Open,1/14/25,
1.64,149.175,90,178,D46_R,1.44,,1/14/25,
1.78,152.151,81,189,D46_L,1.51,,1/14/25,
2.74,133.691,59,169,E194_L,1.87,,1/14/25,
1.52,149.985,92,175,D54_R,1.39,,1/14/25,
2.62,138.485,92,170,D54_L,1.83,Open,1/14/25,
2.28,132.713,63,180,E196_L,1.70,,1/14/25,
2.54,150.497,103,194,D56_R,1.80,Open,1/14/25,
4.24,153.799,82,190,D56_L,2.32,,1/14/25,
3.10,125.569,58,166,E199_L,1.99,Open,1/14/25,
2.81,131.369,72,160,B86_R,1.89,,1/14/25,
3.91,133.372,55,158,B86_L,2.23,Open,1/14/25,
1.78,144.075,107,183,E200_L,1.50,,1/14/25,
3.78,132.49,64,163,B87_R,2.20,Open,1/14/25,
3.26,142.612,61,181,B87_L,2.04,Open,1/14/25,
3.26,145.893,66,165,E204_L,2.04,Open,1/14/25,
2.56,140.48,69,176,B88_R,1.81,,1/14/25,
2.75,139.525,68,176,B88_L,1.87,,1/14/25,
1.95,146.099,75,172,E205_L,1.57,,1/14/25,
1.87,137.709,72,180,B89_R,1.55,,1/14/25,
4.09,134.916,66,170,B89_L,2.28,Open,1/14/25,
3.37,133.939,64,193,E207_L,2.07,Open,1/14/25,
2.55,110.859,62,165,B91_R,1.80,Open,1/14/25,
2.32,116.793,72,165,B91_L,1.72,,1/14/25,
2.74,108.939,64,160,E208_L,1.87,Open,1/14/25,
3.44,135.986,70,185,B92_R,2.09,,1/14/25,
2.32,122.393,63,182,B92_L,1.72,,1/14/25,
2.57,130.402,80,168,E209_L,1.81,,1/14/25,
2.49,121.778,58,171,B93_R,1.78,,1/14/25,
3.82,133.564,63,201,B93_L,2.21,Open,1/14/25,
3.69,133.793,79,172,E210_L,2.17,Open,1/14/25,
2.45,124.445,65,162,B94_R,1.77,,1/14/25,
4.46,128.261,73,179,B94_L,2.38,Open,1/14/25,
2.57,128.795,62,185,E211_L,1.81,,1/14/25,
3.02,129.471,69,173,B95_R,1.96,,1/14/25,
3.48,133.152,68,170,B95_L,2.11,Open,1/14/25,
2.77,139.144,77,184,E214_L,1.88,Open,1/15/25,
2.91,140.78,86,168,D57_R,1.93,,1/15/25,
3.04,147.918,88,184,D57_L,1.97,,1/15/25,
3.00,139.944,79,163,E216_L,1.95,,1/15/25,
2.12,137.157,67,166,B96_R,1.64,Open,1/15/25,
3.68,139.625,79,161,B96_L,2.16,Open,1/15/25,
2.69,137.651,74,178,E219_L,1.85,,1/15/25,
1.90,145.621,62,175,C54_R,1.55,Open,1/15/25,
0.68,138.131,86,163,C54_L,0.93,,1/15/25,
6.32,146.625,67,187,E220_L,2.84,Open,1/15/25,
1.33,73.955,32,185,M60_R,1.30,,1/15/25,
5.28,79.587,46,152,M60_L,2.59,Open,1/15/25,
3.65,132.837,70,167,E227_L,2.16,Open,1/15/25,
3.34,159.788,104,189,D58_R,2.06,,1/15/25,
2.59,149.836,74,191,D58_L,1.82,,1/15/25,
2.18,139.238,81,181,E229_L,1.67,Open,1/15/25,
2.60,130.433,86,151,D60_R,1.82,,1/15/25,
2.16,140.876,81,183,D60_L,1.66,,1/15/25,
2.06,143.765,89,173,E230_L,1.62,,1/15/25,
1.49,140.546,66,179,C59_R,1.38,Open,1/15/25,
1.21,164.858,69,199,C59_L,1.24,Open,1/15/25,
3.24,136.844,62,177,E231_L,2.03,Open,1/15/25,
1.16,107.893,63,170,C60_R,1.22,,1/15/25,
2.10,143.384,75,181,C60_L,1.64,Open,1/15/25,
1.83,145.242,91,191,E265_L,1.52,,1/15/25,
2.43,129.568,77,179,B119_R,1.76,,1/15/25,
3.47,147.939,86,181,B119_L,2.10,,1/15/25,
1.77,136.138,47,180,E266_L,1.50,,1/15/25,
2.48,147.499,98,180,D71_R,1.78,,1/15/25,
2.25,149.801,100,192,D71_L,1.69,,1/15/25,
2.30,131.778,89,163,E267_L,1.71,,1/15/25,
2.13,151.522,90,187,B118_R,1.65,Open,1/15/25,
3.20,149.011,78,183,B118_L,2.02,,1/15/25,
1.75,127.685,63,165,E268_L,1.49,,2/13/24,
1.16,121.548,69,163,D62_L,1.21,,2/13/24,
2.11,121.182,64,162,D62_R,1.64,,2/13/24,
2.23,125.653,60,165,E269_L,1.69,,2/13/24,
1.51,122.83,78,190,D63_L,1.39,,2/13/24,
1.98,132.147,74,184,D63_R,1.59,,2/13/24,
2.05,141.417,74,188,E270_L,1.62,,2/13/24,
3.56,136.919,86,191,D72_L,2.13,Open,2/13/24,
2.54,145.012,87,204,D72_R,1.80,,2/13/24,
2.25,113.64,59,177,E271_L,1.69,,2/13/24,
3.23,130.695,70,228,D73_L,2.03,Open,2/13/24,
2.52,145.838,89,187,D73_R,1.79,,2/13/24,
4.29,145.007,68,203,E272_L,2.34,Open,2/13/24,
3.86,140.178,64,185,B124_L,2.22,Open,2/13/24,
2.60,134.572,81,177,B124_R,1.82,,2/13/24,
3.06,144.95,63,190,E273_L,1.97,,2/13/24,
4.29,122.32,57,172,B125_L,2.34,Open,2/13/24,
3.04,139.595,78,168,B125_R,1.97,Open,5/29/24,
2.28,123.787,66,178,E275_L,1.70,,2/13/24,
1.75,162.551,93,205,D75_L,1.49,,2/13/24,
1.88,144.207,95,183,D75_R,1.55,,2/13/24,
2.84,133.289,63,179,E280_L,1.90,,2/13/24,
2.75,143.827,77,183,D76_L,1.87,,2/13/24,
2.11,143.788,86,194,D76_R,1.64,,2/13/24,
2.69,133.391,73,173,E281_L,1.85,,2/13/24,
2.25,143.246,90,189,D77_L,1.69,,2/13/24,
2.07,154.441,94,193,D77_R,1.62,,2/13/24,
2.10,125.587,65,195,E282_L,1.64,,2/12/24,
1.32,123.032,75,185,C63_L,1.30,,2/12/24,
0.95,117.364,75,156,C63_R,1.10,,2/12/24,
1.38,128.32,70,175,E283_L,1.33,,2/12/24,
1.27,117.938,56,180,C64_L,1.27,,2/12/24,
4.14,134.218,46,179,C64_R,2.30,,2/12/24,
1.48,136.605,74,186,E287_L,1.37,,2/12/24,
1.75,125.525,64,170,C65_L,1.49,,2/12/24,
1.21,136.45,83,198,C65_R,1.24,,2/12/24,
2.17,138.484,72,213,E293_L,1.66,,2/12/24,
1.34,95.6,52,210,M67_L,1.31,,2/12/24,
0.94,96.172,52,182,M67_R,1.09,,2/12/24,
1.74,134.67,70,178,E294_L,1.49,,2/12/24,
1.41,97.025,44,191,M68_L,1.34,,2/12/24,
0.93,92.53,35,188,M68_R,1.09,,2/12/24,
5.26,155.303,75,194,E302_L,2.59,Open,2/12/24,
2.93,80.783,29,222,M81_L,1.93,Open,2/12/24,
0.34,97.846,60,208,M81_R,0.66,,2/12/24,
4.30,135.684,55,166,E304_L,2.34,Open,2/12/24,
2.57,142.247,70,196,B131_L,1.81,,2/12/24,
4.07,151.976,71,187,B131_R,2.28,Open,2/12/24,
4.29,139.442,61,173,E305_L,2.34,Open,2/12/24,
3.81,153.702,75,185,B132_L,2.20,Open,2/12/24,
2.49,151.59,89,187,B132_R,1.78,,2/12/24,
5.15,135.113,58,173,E306_L,2.56,Open,2/12/24,
4.24,132.423,41,195,B133_L,2.32,Open,2/12/24,
2.23,134.824,68,174,B133_R,1.69,,2/12/24,
4.22,137.929,72,195,E307_L,2.32,Open,2/12/24,
3.47,77.512,44,226,M83_L,2.10,Open,2/12/24,
0.76,115.198,51,184,M83_R,0.99,,2/12/24,
1.53,133.768,72,180,E308_L,1.39,,2/12/24,
4.33,90.091,30,221,M84_L,2.35,Open,2/12/24,
0.79,93.483,49,228,M84_R,1.00,,2/12/24,
2.77,130.656,71,194,E309_L,1.88,,2/12/24,
2.43,139.94,79,227,B135_L,1.76,,2/12/24,
1.94,133.551,72,183,B135_R,1.57,,2/12/24,
2.43,131.006,75,186,E310_L,1.76,,2/12/24,
1.96,134.849,74,174,B142_L,1.58,,2/12/24,
1.88,138.553,77,183,B142_R,1.55,,2/12/24,
2.51,145.835,93,223,E311_L,1.79,,2/12/24,
1.80,133.541,76,180,B143_L,1.51,,2/12/24,
1.49,136.367,79,184,B143_R,1.38,,2/12/24,
1.73,132.686,79,192,E312_L,1.48,,2/12/24,
0.84,99.366,43,207,M86_L,1.03,,2/12/24,
0.71,119.394,45,211,M86_R,0.95,,2/12/24,
1.56,126.894,75,176,E313_L,1.41,,2/12/24,
0.87,100.194,51,206,M87_L,1.05,,2/12/24,
0.49,101.127,40,194,M87_R,0.79,,2/12/24,
2.37,126.543,65,194,E314_L,1.74,,2/12/24,
0.75,92.959,39,222,M88_L,0.98,,2/12/24,
0.45,89.794,32,189,M88_R,0.76,,2/12/24,
2.26,133.862,75,177,E315_L,1.70,,2/12/24,
1.76,139.935,89,190,D78_L,1.50,,2/12/24,
1.27,144.816,100,211,D78_R,1.27,,2/12/24,
2.66,142.571,68,204,E316_L,1.84,,2/12/24,
2.29,154.88,93,203,D79_L,1.71,,2/12/24,
1.74,146.491,90,189,D79_R,1.49,,2/12/24,
2.31,146.658,75,193,E333_L,1.72,,3/15/24,
1.00,145.309,99,196,D84_L,1.13,,3/15/24,
1.13,141.962,87,188,D84_R,1.20,,3/15/24,
0.79,146.759,97,210,E324_L,1.00,,3/15/24,
0.28,115.294,53,192,M93_L,0.60,,3/15/24,
0.52,115.847,57,192,M93_R,0.82,,3/15/24,
0.82,137.485,67,180,E325_L,1.02,,3/15/24,
0.62,112.992,64,187,M94_L,0.89,Open,3/15/24,
0.63,106.475,60,179,M94_R,0.90,,3/15/24,
1.08,138.579,75,197,E326_L,1.17,,3/15/24,
0.46,89.592,48,161,M98_L,0.76,,3/15/24,
0.26,109.304,43,228,M98_R,0.57,,3/15/24,
1.57,137.757,71,178,E327_L,1.41,,3/15/24,
1.83,159.402,104,202,D83_L,1.53,,3/15/24,
1.37,161.25,115,206,D83_R,1.32,,3/15/24,
1.42,147.939,73,193,E328_L,1.34,,3/15/24,
1.48,158.107,102,205,D89_L,1.37,,3/15/24,
1.50,144.742,89,185,D89_R,1.38,,3/15/24,
1.72,150.399,79,190,E329_L,1.48,,3/15/24,
1.59,152.848,94,213,D90_L,1.42,,3/15/24,
0.89,162.053,102,213,D90_R,1.07,,3/15/24,
1.83,134.334,74,168,E330_L,1.53,,3/15/24,
1.17,143.296,83,176,D91_L,1.22,,3/15/24,
1.36,158.518,102,197,D91_R,1.31,,3/15/24,
1.18,152.676,107,204,E331_L,1.23,,3/15/24,
1.82,142.744,92,220,B147_L,1.52,,3/15/24,
1.34,145.159,87,195,B147_R,1.31,,3/15/24,
1.39,143.799,88,209,E337_L,1.33,,3/15/24,
1.74,136.251,73,179,B148_L,1.49,,3/15/24,
1.52,139.822,72,180,B148_R,1.39,,3/15/24,
0.85,132.248,67,185,E339_L,1.04,,3/15/24,
1.30,140.328,67,181,C68_L,1.29,,3/15/24,
0.63,135.625,77,179,C68_R,0.90,,3/15/24,
0.63,135.625,77,179,E340_L,0.90,,3/15/24,
0.82,129.393,67,182,C69_L,1.02,,3/15/24,
0.76,157.128,79,212,C69_R,0.98,,3/15/24,
2.14,138.961,78,168,E341_L,1.65,,4/19/24,
2.53,135.342,56,161,C71_L,1.79,Open,4/19/24,
0.59,124.398,84,173,C71_R,0.87,,4/19/24,
2.11,134.037,73,168,E342_L,1.64,,4/19/24,
1.50,127.192,59,164,C70_L,1.38,Open,4/19/24,
0.60,113.673,70,167,C70_R,0.88,,4/19/24,
2.14,140.599,76,186,E343_L,1.65,,4/19/24,
1.66,134.786,60,162,C72_L,1.46,Open,4/19/24,
0.69,121.518,64,160,C72_R,0.94,,4/19/24,
2.10,138.498,64,182,E345_L,1.63,,4/19/24,
3.02,137.656,67,177,D93_L,1.96,,4/19/24,
3.52,132.338,70,170,D93_R,2.12,,4/19/24,
1.99,134.006,64,176,E346_L,1.59,,4/19/24,
2.55,138.718,72,186,D94_L,1.80,,4/19/24,
3.22,135.514,65,171,D94_R,2.03,,4/19/24,
2.25,131.357,69,171,E348_L,1.69,,4/19/24,
2.00,78.509,26,208,M103_L,1.60,Open,4/19/24,
1.34,84.406,36,224,M103_R,1.31,,4/19/24,
2.14,134.673,73,185,E349_L,1.65,,4/19/24,
1.39,120.379,67,192,C73_L,1.33,,4/19/24,
0.58,115.826,55,167,C73_R,0.86,,4/19/24,
1.35,130.08,92,169,E350_L,1.31,,4/19/24,
0.87,102.933,46,172,M104_L,1.05,,4/19/24,
0.64,90.451,25,172,M104_R,0.90,,4/19/24,
1.18,120.084,68,167,E351_L,1.23,,4/19/24,
1.61,72.81,29,225,M105_L,1.43,,4/19/24,
1.69,81.388,29,209,M105_R,1.47,,4/19/24,
1.52,126.765,71,177,E352_L,1.39,,4/19/24,
0.78,103.332,60,191,M106_L,1.00,,5/29/24,
1.27,94.368,48,179,M106_R,1.27,,4/19/24,
2.73,131.909,67,168,E365_L,1.86,,4/19/24,
0.76,103.312,44,175,M116_L,0.98,,4/19/24,
1.24,84.346,40,196,M116_R,1.26,,4/19/24,
2.22,136.93,73,186,E353_L,1.68,,4/19/24,
2.69,142.557,92,181,D98_L,1.85,,4/19/24,
2.15,143.001,76,185,D98_R,1.66,,4/19/24,
2.88,130.736,71,174,E355_L,1.92,,4/19/24,
2.69,144.39,93,205,D100_L,1.85,,4/19/24,
2.77,139.704,75,184,D100_R,1.88,,4/19/24,
2.27,129.426,76,167,E356_L,1.70,,4/23/24,
1.82,77.967,26,235,M109_L,1.52,,4/23/24,
0.73,100.033,36,207,M109_R,0.97,,4/23/24,
3.57,137.757,68,178,E361_L,2.13,,4/23/24,
1.21,139.511,91,174,D103_L,1.24,,4/23/24,
1.65,140.798,100,182,D103_R,1.45,,4/23/24,
1.08,130.083,71,187,E362_L,1.17,,4/23/24,
1.13,84.549,30,211,M114_L,1.20,,4/23/24,
1.55,87.309,41,222,M114_R,1.40,Open,4/23/24,
2.73,140.851,75,185,E368_L,1.86,,4/23/24,
2.41,136.852,84,178,D104_L,1.75,,4/23/24,
2.29,140.37,95,175,D104_R,1.71,,4/23/24,
1.22,126.279,75,153,E377_L,1.25,,4/23/24,
0.61,81.21,45,218,M122_L,0.88,Open,4/23/24,
1.13,86.396,37,213,M122_R,1.20,,4/23/24,
1.00,120.257,58,164,E379_L,1.13,,4/23/24,
1.37,91.532,46,169,M124_L,1.32,,4/23/24,
0.95,94.075,51,156,M124_R,1.10,,4/23/24,
1.35,155.276,88,207,E380_L,1.31,,4/23/24,
1.51,98.533,52,239,M125_L,1.39,,4/23/24,
1.33,94.29,47,200,M125_R,1.30,,4/23/24,
2.13,154.319,82,187,E373_L,1.65,,4/23/24,
0.87,130.453,79,178,C74_L,1.05,,4/23/24,
0.67,146.714,102,187,C74_R,0.92,,4/23/24,
2.65,146.563,70,231,E374_L,1.84,,4/23/24,
0.72,132.333,76,191,C75_L,0.96,,4/23/24,
0.53,132.767,87,183,C75_R,0.82,,4/23/24,
2.15,164.021,97,189,E375_L,1.66,,4/23/24,
1.26,151.566,83,192,C76_L,1.27,,4/23/24,
0.46,138.97,93,203,C76_R,0.77,,4/23/24,
2.79,159.541,92,198,E376_L,1.88,,4/23/24,
1.73,163.289,110,186,D107_L,1.48,,4/23/24,
2.20,163.613,109,203,D107_R,1.67,,4/23/24,
2.64,151.689,74,243,E381_L,1.83,,4/23/24,
2.38,158.935,93,193,D108_L,1.74,,5/29/24,
1.85,160.53,97,187,D108_R,1.54,,4/23/24,
2.62,120.346,61,179,E384_L,1.83,,5/29/24,
3.10,168.588,92,198,D109_L,1.99,,4/23/24,
2.73,166.193,107,197,D109_R,1.86,,4/23/24,
2.75,143.814,70,179,E385_L,1.87,,4/23/24,
2.93,156.888,92,197,D110_L,1.93,,4/23/24,
2.94,170.023,99,199,D110_R,1.93,,4/23/24,
1.73,156.38,106,183,E386_L,1.49,,4/29/24,
3.20,171.309,102,190,D111_L,2.02,,4/29/24,
1.32,158.336,93,197,D111_R,1.30,,4/29/24,
3.29,128.975,73,194,E387_L,2.05,,5/29/24,
2.18,152.593,92,180,D112_L,1.67,,4/29/24,
2.39,154.184,82,182,D112_R,1.74,,4/29/24,
3.20,126.447,60,180,E388_L,2.02,,5/29/24,
2.21,161.701,99,185,B178_L,1.68,,4/29/24,
2.09,161.929,82,200,B178_R,1.63,,4/29/24,
2.30,154.438,89,187,E392_L,1.71,,4/29/24,
1.66,155.949,83,180,B179_L,1.45,,4/29/24,
2.25,132.698,69,178,B179_R,1.69,,4/29/24,
3.92,152.859,55,183,E393_L,2.24,Open,5/6/24,
2.98,165.561,83,196,B180_L,1.95,Open,5/6/24,
2.13,149.258,90,244,B180_R,1.65,,5/6/24,
2.12,148.017,92,236,E394_L,1.64,,5/6/24,
1.12,137.305,84,186,B181_L,1.20,,5/6/24,
1.58,138.344,73,177,B181_R,1.42,,5/6/24,
2.48,144.401,81,229,E395_L,1.78,,5/6/24,
1.83,149.684,89,193,B182_L,1.53,,5/6/24,
2.29,145.409,81,182,B182_R,1.71,,5/6/24,
2.81,167.736,109,190,E397_L,1.89,,5/6/24,
1.23,173.061,124,202,D114_L,1.25,,5/6/24,
1.39,162.224,114,196,D114_R,1.33,,5/6/24,
2.88,160.479,83,209,E398_L,1.91,,5/6/24,
2.80,153.257,83,191,B184_L,1.89,,5/6/24,
2.15,159.041,109,191,B184_R,1.65,,5/6/24,
2.40,151.032,83,204,E401_L,1.75,,5/6/24,
1.09,148.126,96,193,C79_L,1.18,,5/8/24,
1.13,135.819,70,189,C79_R,1.20,,5/8/24,
1.51,150.657,96,212,E402_L,1.39,,5/8/24,
2.17,148.382,54,242,C83_L,1.66,,5/8/24,
0.97,144.203,74,188,C83_R,1.11,,5/8/24,
1.54,153.455,90,191,E407_L,1.40,,5/8/24,
2.45,162.628,66,245,C84_L,1.77,Open,5/8/24,
2.01,141.991,80,226,C84_R,1.60,,5/8/24,
2.37,147.783,88,197,E408_L,1.74,,5/8/24,
3.36,150.408,85,180,C85_L,2.07,Open,5/8/24,
2.24,148.764,81,184,C85_R,1.69,Open,5/8/24,
2.65,141.623,74,173,E410_L,1.84,,5/8/24,
3.10,148.375,85,214,B189_L,1.99,,5/8/24,
2.61,162.85,97,189,B189_R,1.82,,5/8/24,
1.45,141.078,80,181,E404_L,1.36,,5/8/24,
1.08,133.033,83,195,C80_L,1.17,,5/8/24,
1.58,155.291,96,216,C80_R,1.42,,5/8/24,
1.61,146.657,97,221,E405_L,1.43,,5/8/24,
2.68,152.822,79,184,C81_L,1.85,Open,5/8/24,
1.63,144.165,83,245,C81_R,1.44,,5/8/24,
1.61,148.483,104,188,E406_L,1.43,,5/8/24,
1.52,131.599,76,188,C82_L,1.39,,5/8/24,
0.96,127.612,77,168,C82_R,1.10,,5/29/24,
2.49,132.581,85,205,E414_L,1.78,,6/12/24,
2.04,117.449,51,164,C86_R,1.61,,1/21/25,
2.00,119.162,77,182,C86_L,1.59,,6/12/24,
3.03,127.176,65,183,E415_L,1.97,,6/12/24,
3.08,122.443,53,183,C87_R,1.98,,6/12/24,
2.73,110.221,38,187,C87_L,1.87,,6/12/24,
2.51,122.694,71,203,E420_L,1.79,,6/12/24,
1.40,98.961,48,174,C88_R,1.34,Open,6/12/24,
1.18,94.502,47,166,C88_L,1.22,Weird shape,6/12/24,
1.42,143.125,85,209,E421_L,1.35,,6/12/24,
3.49,145.861,81,201,D116_R,2.11,Open,6/12/24,
3.61,150.846,90,198,D116_L,2.14,,6/12/24,
3.09,133.578,74,186,E422_L,1.98,,6/12/24,
1.58,101.996,49,228,M128_R,1.42,,1/21/25,
1.18,86.447,30,239,M128_L,1.23,,6/12/24,
2.03,126.186,73,197,E423_L,1.61,,6/12/24,
1.47,98.898,45,232,M134_R,1.37,,6/12/24,
1.40,103.231,44,236,M134_L,1.33,,6/12/24,
1.75,134.531,84,188,E425_L,1.49,,6/12/24,
0.78,102.824,44,226,M129_R,1.00,,6/12/24,
0.75,105.336,41,216,M129_L,0.98,Open,6/12/24,
2.61,129.311,81,183,E426_L,1.82,,6/13/24,
2.06,95.942,51,234,M130_R,1.62,Open,6/13/24,
1.22,84.901,36,203,M130_L,1.25,,6/13/24,
2.33,136.333,87,183,E427_L,1.72,,6/13/24,
0.23,98,45,203,M131_R,0.55,Open,6/13/24,
2.17,109.985,49,213,M131_L,1.66,,6/13/24,
4.12,146.248,80,190,E428_L,2.29,Open,6/13/24,
0.72,111.706,55,223,M132_R,0.96,,6/13/24,
2.08,87.672,33,236,M132_L,1.63,Open,6/13/24,
3.20,146.356,87,205,E431_L,2.02,,6/13/24,
0.13,119.944,82,146,M136_R,0.40,Open,1/21/25,
0.65,94.083,45,187,M136_L,0.91,,6/13/24,
2.12,136.997,56,196,E432_L,1.64,,6/13/24,
1.62,95.745,43,242,M137_R,1.44,,6/13/24,
2.20,92.426,38,233,M137_L,1.67,Open,6/13/24,
2.06,133.757,88,186,E454_L,1.62,,6/13/24,
2.62,128.298,67,210,B197_R,1.83,,6/13/24,
1.84,132.658,84,182,B197_L,1.53,,6/13/24,
2.91,132.63,81,194,E441_L,1.93,,6/13/24,
2.60,126.649,48,192,C90_R,1.82,,6/13/24,
2.24,104.347,53,175,C90_L,1.69,Open,6/13/24,
2.97,133.274,85,193,E442_L,1.95,,6/13/24,
1.02,128.857,90,180,C91_R,1.14,,6/13/24,
1.92,129.879,60,173,C91_L,1.56,,6/13/24,
2.63,132.805,83,210,E443_L,1.83,,6/13/24,
2.54,120.358,43,192,C92_R,1.80,,6/14/24,
1.64,124.874,76,181,C92_L,1.44,,6/14/24,
3.08,120.09,62,173,E449_L,1.98,,6/14/24,
0.53,109.705,82,162,C94_R,0.82,,6/14/24,
2.11,122.794,65,194,C94_L,1.64,,6/14/24,
1.90,135.185,83,178,E450_L,1.56,,6/14/24,
1.04,102.802,66,166,C95_R,1.15,,6/14/24,
1.23,126.062,76,177,C95_L,1.25,,6/14/24,
2.86,118.87,53,224,E451_L,1.91,,6/14/24,
1.60,123.372,60,190,C96_R,1.43,,6/14/24,
1.87,116.311,64,178,C96_L,1.54,,6/14/24,
2.37,118.755,64,180,E452_L,1.74,,6/14/24,
0.81,119.15,74,182,C97_R,1.02,,6/14/24,
1.11,110.743,71,213,C97_L,1.19,,6/14/24,
2.96,131.082,80,212,E453_L,1.94,,6/14/24,
4.16,144.149,77,196,B198_R,2.30,,6/14/24,
3.14,132.845,80,202,B198_L,2.00,,6/14/24,
2.77,137.889,90,188,E458_L,1.88,,6/14/24,
2.67,132.86,85,194,B199_R,1.84,,6/14/24,
3.27,124.172,82,189,B199_L,2.04,,6/14/24,
2.64,126.489,76,184,E459_L,1.83,,6/14/24,
3.20,129.687,85,180,B200_R,2.02,,6/14/24,
2.89,125.422,75,182,B200_L,1.92,,6/14/24,
2.86,126.14,71,195,E460_L,1.91,,6/14/24,
2.33,132.631,80,192,B201_R,1.72,,6/14/24,
2.76,122.522,40,198,B201_L,1.88,,6/14/24,
1.75,133.951,94,181,E463_L,1.49,,6/14/24,
0.95,118.753,48,224,M139_R,1.10,,6/14/24,
1.13,97.871,42,210,M139_L,1.20,,6/14/24,
1.72,121.291,78,187,E464_L,1.48,,6/14/24,
1.75,86.687,38,226,M140_R,1.49,,6/14/24,
2.32,89.688,42,223,M140_L,1.72,,6/14/24,
2.41,135.003,82,197,E468_L,1.75,Open,6/14/24,
0.33,127.461,71,192,M141_R,0.64,,6/14/24,
0.25,167.196,98,201,M141_L,0.57,,6/14/24,
1.37,128.947,90,192,E469_L,1.32,,6/14/24,
0.25,106.794,52,204,M142_R,0.56,,6/14/24,
1.17,91.973,38,230,M142_L,1.22,,6/14/24,
3.77,127.605,76,179,E470_L,2.19,,6/14/24,
1.38,120.871,49,212,M143_R,1.32,,6/14/24,
0.54,81.948,53,194,M143_L,0.83,Open,6/14/24,
3.07,126.551,30,180,E472_L,1.98,Open,1/21/25,
2.17,135.686,80,207,B205_R,1.66,,6/14/24,
2.21,130.584,78,192,B205_L,1.68,,6/14/24,
3.22,121.61,61,185,E477_L,2.03,,6/14/24,
2.89,122.26,74,183,B206_R,1.92,,6/14/24,
1.81,144.499,95,217,B206_L,1.52,,6/14/24,
2.37,128.974,78,183,E478_L,1.74,,7/22/24,
2.15,138.241,74,180,B207_R,1.65,,7/22/24,
2.26,127.14,59,177,B207_L,1.69,,1/21/25,
2.55,121.814,69,179,E474_L,1.80,,7/22/24,
1.93,131.095,88,180,D121_R,1.57,,7/22/24,
2.81,130.43,91,179,D121_L,1.89,,7/22/24,
2.55,140.168,91,204,E475_L,1.80,,7/22/24,
2.88,128.424,73,202,B210_R,1.91,,7/22/24,
2.81,121.762,70,177,B210_L,1.89,,7/22/24,
2.75,130.241,85,191,E476_L,1.87,,7/22/24,
1.51,123,84,192,B211_R,1.39,,7/22/24,
2.91,128.134,77,191,B211_L,1.92,,7/22/24,
1.81,134.898,87,211,E482_L,1.52,,7/22/24,
2.53,119.35,71,209,B212_R,1.80,,7/22/24,
3.02,125.168,70,204,B212_L,1.96,,7/22/24,
2.61,125.787,73,200,E483_L,1.82,,7/22/24,
2.26,126.131,78,183,B213_R,1.70,,7/22/24,
2.89,129.619,69,203,B213_L,1.92,,7/22/24,
2.77,117.019,71,179,E484_L,1.88,,7/22/24,
3.00,130.728,79,231,B214_R,1.96,,7/22/24,
2.22,122.409,73,174,B214_L,1.68,,7/22/24,
3.15,132.738,79,189,E486_L,2.00,Open,7/22/24,
2.03,127.759,83,192,D122_R,1.61,,7/22/24,
2.34,137.816,98,208,D122_L,1.73,,7/22/24,
1.76,119.035,78,183,E494_L,1.50,,7/22/24,
1.97,129.421,94,191,D123_R,1.58,,7/22/24,
2.63,143.741,85,199,D123_L,1.83,,7/22/24,
2.95,128.289,80,189,E495_L,1.94,,7/22/24,
1.95,140.411,106,202,D124_R,1.57,,7/22/24,
1.82,129.024,93,203,D124_L,1.52,,7/22/24,
2.04,134.7,77,209,E503_L,1.61,,7/22/24,
1.62,125.963,79,208,B215_R,1.44,,7/22/24,
2.21,125.902,84,222,B215_L,1.68,,7/22/24,
2.64,131.146,81,192,E505_L,1.83,,7/22/24,
1.61,126.869,81,194,B217_R,1.43,,7/22/24,
2.06,118.72,75,179,B217_L,1.62,,7/22/24,
2.35,129.07,77,190,E506_L,1.73,,7/22/24,
1.79,119.888,75,199,B218_R,1.51,,7/22/24,
2.12,121.064,79,194,B218_L,1.64,,7/22/24,
3.44,128.27,74,203,E491_L,2.09,,7/22/24,
2.47,131.087,87,190,D125_R,1.77,,7/22/24,
2.63,138.93,92,193,D125_L,1.83,,7/22/24,
2.48,134.505,83,202,E492_L,1.78,,7/22/24,
1.41,120.623,68,178,B219_R,1.34,,1/21/25,
2.25,128.011,59,176,B219_L,1.69,,1/21/25,
2.71,143.115,75,189,E507_L,1.86,,7/22/24,
1.51,143.866,83,201,B220_R,1.39,,7/22/24,
1.83,141.198,85,191,B220_L,1.53,,7/22/24,
1.84,128.232,72,182,E508_L,1.53,,1/21/25,
1.85,127.135,77,174,B221_R,1.53,,7/22/24,
3.07,151.177,71,184,B221_L,1.98,Open,7/22/24,
2.05,136.902,75,185,E512_L,1.61,,7/22/24,
1.80,143.542,94,187,D126_R,1.52,,7/22/24,
1.32,145.307,95,182,D126_L,1.30,,7/22/24,
1.35,143.18,85,195,E513_L,1.31,,7/22/24,
1.31,135.229,93,218,D127_R,1.29,,7/22/24,
1.41,129.435,91,182,D127_L,1.34,,7/22/24,
2.91,141.657,70,214,E514_L,1.93,,7/22/24,
1.79,132.688,83,178,D128_R,1.51,,1/21/25,
1.76,144.059,97,189,D128_L,1.50,,7/22/24,
3.08,141.893,84,190,E518_L,1.98,,7/22/24,
1.95,142.412,97,187,D130_R,1.58,,7/22/24,
1.68,144.549,99,188,D130_L,1.46,,7/22/24,
2.97,139.671,79,191,E519_L,1.94,,7/22/24,
0.97,134.269,104,214,D131_R,1.11,,7/22/24,
0.98,138.473,88,189,D131_L,1.12,,7/22/24,
3.13,145.295,90,199,E520_L,2.00,,7/22/24,
1.07,146.136,99,194,D132_R,1.16,,7/22/24,
1.81,140.285,91,204,D132_L,1.52,,7/22/24,
3.00,140.735,80,222,E521_L,1.95,,7/22/24,
1.94,133.765,69,175,C98_R,1.57,,7/22/24,
2.11,137.322,63,217,C98_L,1.64,,7/22/24,
3.20,145.481,72,194,E522_L,2.02,,7/22/24,
1.98,136.585,77,186,C100_R,1.59,,7/22/24,
1.60,133.023,69,188,C100_L,1.43,,7/22/24,
3.65,123.483,61,158,E523_L,2.16,Open,7/22/24,
0.85,146.582,89,213,C101_R,1.04,,7/22/24,
1.24,152.839,83,187,C101_L,1.26,,7/22/24,
2.78,144.223,87,194,E524_L,1.88,,7/22/24,
1.47,148.653,50,180,C102_R,1.37,Open,7/22/24,
1.60,128.997,75,161,C102_L,1.43,,7/22/24,
3.33,137.622,78,187,E525_L,2.06,,7/22/24,
1.34,128.969,66,180,C103_R,1.31,,7/22/24,
1.01,114.343,71,167,C103_L,1.13,,7/22/24,
1.50,138.939,92,189,E528_L,1.38,Open,7/22/24,
1.58,130.875,74,172,C104_R,1.42,Open,7/22/24,
1.39,127.358,61,186,C104_L,1.33,,7/22/24,
3.05,147.657,71,205,E529_L,1.97,,7/22/24,
1.67,134.546,65,205,C108_R,1.46,,7/22/24,
2.97,127.662,57,165,C108_L,1.94,,7/22/24,
3.24,142.803,70,218,E530_L,2.03,,7/22/24,
1.42,103.874,54,236,M144_R,1.35,,7/22/24,
1.79,95.047,52,213,M144_L,1.51,,7/22/24,
1.50,136.733,92,182,E531_L,1.38,,8/30/24,
2.22,97.552,44,234,M145_R,1.68,,8/30/24,
1.61,82.379,42,208,M145_L,1.43,,8/30/24,
3.43,140.634,69,188,E526_L,2.09,,8/30/24,
0.73,132.734,76,178,C99_R,0.96,,8/30/24,
1.92,136.741,63,173,C99_L,1.56,,8/30/24,
3.50,146.643,79,183,E527_L,2.11,,8/30/24,
0.52,125.803,72,176,C105_R,0.81,,8/30/24,
2.00,141.77,52,168,C105_L,1.59,Open,8/30/24,
2.29,140.159,76,182,E532_L,1.71,,8/30/24,
0.96,125.114,55,178,C106_R,1.11,,8/30/24,
2.28,138.402,67,164,C106_L,1.70,Open,8/30/24,
3.11,141.2,78,177,E533_L,1.99,,8/30/24,
0.93,136.347,79,175,C107_R,1.09,,8/30/24,
0.55,115.254,64,191,C107_L,0.84,,8/30/24,
3.82,138.769,70,207,E534_L,2.20,,8/30/24,
0.28,104.854,59,146,C109_R,0.60,,8/30/24,
1.23,128.51,62,179,C109_L,1.25,,8/30/24,
1.85,132.462,86,174,E535_L,1.53,,8/30/24,
2.07,97.581,38,243,M146_R,1.62,,8/30/24,
2.31,99.587,43,206,M146_L,1.72,,8/30/24,
2.77,130.202,62,196,E538_L,1.88,,8/30/24,
1.58,120.537,78,203,B229_R,1.42,,8/30/24,
2.53,130.607,84,200,B229_L,1.80,,8/30/24,
1.90,132.57,61,184,E546_L,1.55,Open,9/20/24,
2.83,140.093,64,194,B230_R,1.90,,9/20/24,
2.68,129.503,59,192,B230_L,1.85,,9/20/24,
1.84,148.262,79,220,E547_L,1.53,,9/20/24,
2.65,149.685,72,211,B231_R,1.84,,9/20/24,
2.36,130.748,69,193,B231_L,1.73,,9/20/24,
3.03,137.02,59,181,E541_L,1.96,,9/20/24,
1.80,132.464,77,190,D134_R,1.51,,9/20/24,
2.35,133.377,77,192,D134_L,1.73,,9/20/24,
1.17,155.108,95,202,E542_L,1.22,,9/20/24,
1.04,139.011,78,175,D146_R,1.15,,9/20/24,
1.84,124.692,76,190,D146_L,1.53,,9/20/24,
1.84,126.01,69,189,E543_L,1.53,,9/20/24,
1.92,133.353,84,204,D147_R,1.56,,9/20/24,
3.05,127.173,62,192,D147_L,1.97,,9/20/24,
3.13,134.449,82,191,E544_L,2.00,,9/20/24,
2.74,135.212,77,192,D148_R,1.87,,9/20/24,
2.20,134.598,74,196,D148_L,1.67,,9/20/24,
3.02,119.419,65,198,E545_L,1.96,,9/20/24,
2.12,132.298,77,194,D149_R,1.64,,9/20/24,
2.53,128.82,81,178,D149_L,1.79,,9/20/24,
2.02,116.774,71,181,E548_L,1.60,,9/20/24,
1.55,126.859,80,198,D150_R,1.41,,9/20/24,
1.61,127.97,81,194,D150_L,1.43,,9/20/24,
2.15,124.621,77,189,E550_L,1.66,,9/20/24,
2.68,136.957,79,194,D136_R,1.85,,9/20/24,
1.86,134.968,84,187,D136_L,1.54,,9/20/24,
2.02,126.527,78,184,E551_L,1.60,,9/20/24,
2.74,139.361,76,194,D137_R,1.87,,9/20/24,
2.24,135.673,82,191,D137_L,1.69,,9/20/24,
3.64,135.491,55,194,E552_L,2.15,,9/20/24,
1.82,135.319,78,187,D140_R,1.52,,9/20/24,
2.00,130.352,74,184,D140_L,1.60,Open,9/20/24,
1.87,120.464,59,184,E553_L,1.54,,9/20/24,
2.22,121.112,78,182,D141_R,1.68,,9/20/24,
2.15,130.316,59,191,D141_L,1.65,,9/20/24,
2.37,126.377,54,179,E554_L,1.74,,9/20/24,
1.87,124.808,74,172,D142_R,1.54,,9/20/24,
1.35,135.958,82,194,D142_L,1.31,,9/20/24,
2.71,131.193,68,188,E555_L,1.86,,9/20/24,
0.91,129.78,86,181,D143_R,1.08,,9/20/24,
1.93,137.443,84,186,D143_L,1.57,,9/20/24,
2.28,124.419,62,199,E556_L,1.71,,9/20/24,
2.51,146.725,74,199,D138_R,1.79,,9/20/24,
1.14,143.151,94,202,D138_L,1.20,,9/20/24,
2.35,127.441,70,180,E557_L,1.73,,9/20/24,
1.74,136.753,88,185,D139_R,1.49,,9/20/24,
1.44,139.177,89,187,D139_L,1.35,,9/20/24,
2.14,132.919,73,224,E558_L,1.65,,9/20/24,
1.79,132.214,83,197,D144_R,1.51,,9/20/24,
1.33,131.207,71,199,D144_L,1.30,,9/20/24,
2.65,135.6,68,192,E559_L,1.84,,9/20/24,
2.22,134.413,67,193,D145_R,1.68,,9/20/24,
2.35,126.831,65,180,D145_L,1.73,,9/20/24,
2.37,129.295,61,207,E560_L,1.74,,9/20/24,
1.55,132.414,78,175,B244_R,1.40,,9/20/24,
2.60,130.414,78,205,B244_L,1.82,,9/20/24,
2.47,127.471,64,182,E562_L,1.77,,9/20/24,
0.75,131.908,68,183,B246_R,0.98,,9/20/24,
2.12,120.573,61,176,B246_L,1.64,,9/20/24,
1.75,130.679,75,211,E568_L,1.49,,9/20/24,
2.16,117.871,65,189,B248_R,1.66,,9/20/24,
1.81,120.617,63,184,B248_L,1.52,,9/20/24,
2.54,147.206,83,184,E569_L,1.80,,9/20/24,
2.95,124.918,51,178,B240_R,1.94,,9/20/24,
1.80,133.627,76,204,B240_L,1.51,,9/20/24,
3.33,129.103,53,179,E570_L,2.06,,9/20/24,
2.01,127.191,68,186,B241_R,1.60,,9/20/24,
2.49,131.84,79,202,B241_L,1.78,,9/20/24,
3.16,132.111,60,189,E571_L,2.01,,9/20/24,
2.04,129.645,67,195,B249_R,1.61,,9/20/24,
1.96,123.606,67,183,B249_L,1.58,,9/20/24,
2.98,134.66,61,178,E574_L,1.95,Open,9/20/24,
1.71,148.707,85,206,B250_R,1.48,,9/20/24,
2.46,128.492,68,191,B250_L,1.77,,9/20/24,
1.93,129.422,67,172,E575_L,1.57,,9/20/24,
2.57,126.551,58,177,B251_R,1.81,,9/20/24,
2.31,143.872,80,187,B251_L,1.71,,9/20/24,
1.73,126.419,85,176,E579_L,1.48,,10/7/24,
1.87,114.606,60,174,D151_R,1.54,,10/7/24,
1.89,114.699,57,174,D151_L,1.55,,10/7/24,
1.93,124.556,72,181,E585_L,1.57,,10/7/24,
2.35,108.64,54,177,B252_R,1.73,,10/7/24,
1.26,124.464,66,209,B252_L,1.27,,10/7/24,
1.61,116.244,54,187,E586_L,1.43,,10/7/24,
1.02,124.867,58,192,B253_R,1.14,,10/7/24,
0.66,111.559,62,192,B253_L,0.91,,10/7/24,
1.74,109.721,57,190,E587_L,1.49,,10/7/24,
2.61,102.524,50,165,B254_R,1.82,,10/7/24,
2.20,112.738,56,181,B254_L,1.68,,10/7/24,
1.87,116.333,65,183,E581_L,1.54,,10/7/24,
2.36,133.52,73,185,D153_R,1.73,,10/7/24,
1.96,127.098,80,195,D153_L,1.58,,10/7/24,
1.93,113.835,60,187,E582_L,1.57,,10/7/24,
1.32,116.607,63,183,D154_R,1.30,,10/7/24,
2.32,131.491,60,191,D154_L,1.72,,10/7/24,
3.10,123.723,62,176,E589_L,1.99,Irregular shape,10/7/24,
3.19,148.54,82,193,B255_R,2.01,,10/7/24,
3.21,136.928,77,188,B255_L,2.02,,10/7/24,
1.66,134.777,77,199,E590_L,1.46,,10/7/24,
3.51,133.401,70,172,B256_R,2.12,,10/7/24,
2.41,118,61,210,B256_L,1.75,,10/7/24,
2.80,131.209,50,189,E591_L,1.89,,10/7/24,
2.13,127.813,74,180,B257_R,1.65,,10/7/24,
2.37,131.605,78,199,B257_L,1.74,,10/7/24,
2.01,118.72,63,166,E592_L,1.60,,10/7/24,
2.55,143.656,83,206,B258_R,1.80,,10/7/24,
2.39,139.759,82,199,B258_L,1.74,,10/7/24,
5.07,129.89,63,180,E605_L,2.54,Open,10/7/24,
5.65,125.752,53,174,B259_R,2.68,Open,10/7/24,
5.18,137.773,71,193,B259_L,2.57,,10/7/24,
3.86,139.759,61,238,E615_L,2.22,,10/7/24,
3.43,122.682,54,186,D159_R,2.09,,10/7/24,
3.72,132.479,74,198,D159_L,2.18,,10/7/24,
5.37,151.234,68,194,E623_L,2.61,Open,10/7/24,
4.99,147.951,75,190,D160_R,2.52,,10/7/24,
2.87,124.48,68,180,D160_L,1.91,,10/7/24,
5.03,131.153,66,196,E627_L,2.53,,10/7/24,
5.70,130.213,48,184,D161_R,2.70,,10/7/24,
6.44,127.438,54,176,D161_L,2.86,,10/7/24,
2.90,133.69,64,213,E630_L,1.92,,10/7/24,
4.02,144.077,78,190,D162_R,2.26,,10/7/24,
3.65,134.95,57,187,D162_L,2.16,,10/7/24,
5.43,126.265,48,206,E636_L,2.63,,10/7/24,
4.09,130.201,52,193,B271_R,2.28,Open,10/7/24,
3.37,129.069,65,194,B271_L,2.07,,10/7/24,
4.73,132.548,68,195,E643_L,2.45,,10/7/24,
3.81,120.799,42,175,C117_R,2.20,,10/7/24,
3.64,124.559,44,176,C117_L,2.15,,10/7/24,
4.74,132.744,66,178,E644_L,2.46,,10/7/24,
3.92,126.508,69,204,B272_R,2.23,,10/7/24,
6.61,144.14,70,208,B272_L,2.90,Open,10/7/24,
7.82,138.254,52,184,E645_L,3.16,Open,10/7/24,
4.99,132.206,54,178,B273_R,2.52,Open,10/7/24,
6.04,140.45,69,187,B273_L,2.77,Open,10/7/24,
5.68,127.05,60,178,E646_L,2.69,,10/7/24,
4.52,134.523,66,175,B274_R,2.40,Open,10/7/24,
3.96,128.49,63,201,B274_L,2.24,,10/7/24,
4.99,130.715,71,217,E648_L,2.52,,10/7/24,
3.90,129.993,56,189,D167_R,2.23,,10/7/24,
4.87,126.015,47,184,D167_L,2.49,,10/7/24,
5.10,113.242,50,180,E658_L,2.55,Open,10/9/24,
3.86,127.337,70,182,D168_R,2.22,Open,10/9/24,
3.65,117.247,62,173,D168_L,2.16,,10/9/24,
5.41,115.057,51,177,E691_L,2.62,Open,10/9/24,
3.64,119.975,64,216,D176_R,2.15,Open,10/9/24,
4.41,121.401,55,179,D176_L,2.37,,10/9/24,
4.73,122.419,56,183,E700_L,2.45,,10/9/24,
4.56,127.978,54,172,B281_R,2.41,,10/9/24,
5.76,144.693,75,195,B281_L,2.71,,10/9/24,
4.99,132.714,54,181,E701_L,2.52,Open,10/9/24,
6.20,126.422,39,164,B282_R,2.81,,10/9/24,
5.60,128.769,56,161,B282_L,2.67,Open,10/9/24,
4.07,126.141,68,161,E702_L,2.28,,10/9/24,
5.35,128.298,58,217,B283_R,2.61,,10/9/24,
4.70,135.213,54,221,B283_L,2.45,,10/9/24,
6.10,133.508,58,174,E703_L,2.79,,10/9/24,
7.36,136.029,54,169,B284_R,3.06,,10/9/24,
5.47,137.465,44,178,B284_L,2.64,,10/9/24,
4.46,134.799,69,203,E704_L,2.38,,10/9/24,
2.54,129.444,55,162,C123_R,1.80,,10/9/24,
2.95,122.658,58,175,C123_L,1.94,,10/9/24,
4.46,127.386,50,167,E705_L,2.38,,10/9/24,
3.29,124.461,57,160,C124_R,2.05,,10/9/24,
3.02,129.118,61,167,C124_L,1.96,,10/9/24,
4.71,126.829,48,177,E706_L,2.45,,10/9/24,
2.18,125.22,48,174,C125_R,1.67,,10/9/24,
0.87,122.48,81,187,C125_L,1.05,,10/9/24,
3.74,128.575,69,185,E707_L,2.18,,10/9/24,
3.42,135.565,76,179,C126_R,2.09,,10/9/24,
2.12,129.724,61,176,C126_L,1.64,,10/9/24,
4.15,131.957,59,176,E708_L,2.30,,10/9/24,
3.42,132.297,50,180,C127_R,2.09,Open,10/9/24,
1.63,117.288,59,160,C127_L,1.44,,10/9/24,
4.90,137.033,69,170,E709_L,2.50,,10/9/24,
3.55,137.392,73,177,D181_R,2.13,,10/9/24,
3.16,141.185,77,182,D181_L,2.01,,10/9/24,
6.60,133.29,52,167,E710_L,2.90,Open,10/9/24,
3.02,141.195,84,179,D182_R,1.96,,10/9/24,
4.62,134.753,71,167,D182_L,2.43,,10/9/24,
5.72,128.408,47,165,E711_L,2.70,Open,10/9/24,
3.39,141.944,78,195,D184_R,2.08,,10/9/24,
4.94,122.494,64,162,D184_L,2.51,Open,10/9/24,
4.71,122.803,56,166,E718_L,2.45,,10/9/24,
4.81,141.668,71,175,D185_R,2.48,,10/9/24,
4.28,142.611,87,173,D185_L,2.33,,10/9/24,
4.84,141.643,70,183,E725_L,2.48,,10/9/24,
5.71,143.38,72,178,D188_R,2.70,,10/9/24,
4.34,148.304,87,190,D188_L,2.35,,10/9/24,
5.74,140.261,69,177,E712_L,2.70,,10/9/24,
2.05,123.932,72,181,C128_R,1.62,,10/9/24,
1.29,119.411,70,160,C128_L,1.28,,10/9/24,
4.19,125.467,64,178,E713_L,2.31,,10/9/24,
3.54,144.707,83,216,D183_R,2.12,Open,10/9/24,
3.41,139.665,67,178,D183_L,2.08,,10/9/24,
3.88,141.061,59,183,E714_L,2.22,,10/9/24,
3.80,137.829,71,197,D191_R,2.20,,10/9/24,
3.99,141.701,65,183,D191_L,2.25,,10/9/24,
4.69,133.913,67,188,E720_L,2.44,,10/9/24,
4.89,152.251,81,201,D192_R,2.49,,10/9/24,
4.25,145.15,84,193,D192_L,2.33,,10/9/24,
4.56,128.817,61,170,E728_L,2.41,,10/9/24,
5.07,140.374,71,185,D193_R,2.54,,10/9/24,
4.61,140.119,74,202,D193_L,2.42,,10/9/24,
4.29,119.719,56,169,E732_L,2.34,,10/9/24,
3.83,140.482,78,199,D195_R,2.21,,10/9/24,
3.84,134.3,69,181,D195_L,2.21,,10/9/24,
5.25,119.841,21,162,E736_L,2.58,Open,10/9/24,
2.31,131.727,68,174,D196_R,1.72,Open,10/9/24,
3.59,128.137,70,176,D196_L,2.14,,10/9/24,
4.76,134.114,58,175,E737_L,2.46,,10/9/24,
1.24,140.819,90,196,D197_R,1.26,,10/9/24,
3.49,132.215,60,180,D197_L,2.11,,10/9/24,
4.21,129.382,63,193,E738_L,2.32,,10/9/24,
2.86,124.641,58,162,D198_R,1.91,,10/9/24,
2.68,135.919,80,183,D198_L,1.85,,10/9/24,
4.77,132.866,55,170,E739_L,2.47,,10/9/24,
2.12,121.941,60,179,C134_R,1.64,,10/9/24,
3.78,131.45,46,191,C134_L,2.20,,10/9/24,
6.34,147.78,74,204,E740_L,2.84,,10/14/24,
2.48,137.944,52,186,C132_R,1.78,Open,10/14/24,
3.85,143.734,74,183,C132_L,2.21,,10/14/24,
6.43,144.968,61,187,E741_L,2.86,,10/14/24,
1.98,138.098,83,201,C133_R,1.59,,10/14/24,
1.75,133.694,48,176,C133_L,1.49,Open,10/14/24,
6.50,145.841,72,196,E742_L,2.88,,10/14/24,
2.26,134.381,62,227,C135_R,1.70,,10/14/24,
1.38,123.131,60,192,C135_L,1.32,,10/14/24,
5.35,147.901,78,196,E743_L,2.61,,10/14/24,
2.48,120.422,53,186,C136_R,1.78,,10/14/24,
2.66,133.201,47,185,C136_L,1.84,,10/14/24,
3.07,140.167,70,191,E744_L,1.98,,10/14/24,
3.76,131.789,61,189,C138_R,2.19,,10/14/24,
2.49,130.472,55,187,C138_L,1.78,Open,10/14/24,
3.92,140.639,76,205,E745_L,2.24,,10/14/24,
2.54,132.445,80,185,C139_R,1.80,,10/14/24,
3.58,140.96,75,208,C139_L,2.14,,10/14/24,
3.33,140.988,28,231,E754_L,2.06,Open,10/14/24,
1.20,98.939,43,161,C142_R,1.23,,10/14/24,
1.61,126.536,73,184,C142_L,1.43,,10/14/24,
3.99,141.425,73,215,E757_L,2.25,,10/14/24,
1.97,93.399,40,231,M156_R,1.59,,10/14/24,
1.16,79.132,33,215,M156_L,1.22,,10/14/24,
2.85,132.264,57,183,E762_L,1.91,,10/14/24,
2.53,91.71,38,239,M158_R,1.80,,10/14/24,
0.94,96.402,36,225,M158_L,1.09,,10/14/24,
2.44,124.849,64,180,E763_L,1.76,,10/14/24,
2.28,83.295,33,235,M159_R,1.70,,10/14/24,
2.50,77.479,39,212,M159_L,1.78,,10/14/24,
3.24,123.185,55,166,E764_L,2.03,,10/14/24,
1.55,83.591,33,198,M160_R,1.41,,10/14/24,
3.64,74.873,24,193,M160_L,2.15,Open,10/14/24,
3.58,135.579,69,187,E767_L,2.14,,10/21/24,
3.52,82.738,34,236,M171_R,2.12,Open,10/21/24,
3.00,89.079,35,211,M171_L,1.95,Open,10/21/24,
4.24,128.36,63,173,E768_L,2.32,,10/21/24,
2.41,84.39,43,241,M172_R,1.75,Open,10/21/24,
5.15,85.793,24,252,M172_L,2.56,Open,10/21/24,
3.27,136.51,61,179,E769_L,2.04,,10/21/24,
2.43,74.407,27,246,M173_R,1.76,,10/21/24,
2.82,97.798,35,246,M173_L,1.90,,10/21/24,
4.42,135.964,67,199,E770_L,2.37,,10/21/24,
2.09,80.748,30,207,M174_R,1.63,,10/21/24,
1.82,76.88,30,246,M174_L,1.52,,10/21/24,
2.84,116.108,51,159,E746_L,1.90,,10/21/24,
1.98,124.016,59,203,C140_R,1.59,,10/21/24,
1.62,122.362,60,209,C140_L,1.44,,10/21/24,
3.88,137.649,65,183,E747_L,2.22,,10/21/24,
2.59,132.788,58,170,C144_R,1.82,,10/21/24,
2.13,124.561,56,185,C144_L,1.65,,10/21/24,
3.68,152.827,70,188,E748_L,2.16,,10/29/24,
1.86,121.484,57,186,C145_R,1.54,,10/29/24,
4.03,120.878,35,181,C145_L,2.27,,10/29/24,
3.45,142.531,63,178,E749_L,2.10,,10/29/24,
1.34,89.712,42,206,M161_R,1.31,,10/29/24,
0.96,85.555,43,194,M161_L,1.11,,10/29/24,
2.36,133.847,73,203,E750_L,1.73,,10/29/24,
1.78,91.354,40,213,M162_R,1.51,,10/29/24,
1.28,90.877,41,200,M162_L,1.28,,10/29/24,
3.52,136.214,66,176,E751_L,2.12,,10/29/24,
0.93,91.707,37,211,M163_R,1.09,,10/29/24,
1.41,96.246,38,210,M163_L,1.34,,10/29/24,
4.75,138.314,63,201,E752_L,2.46,,10/29/24,
2.14,93.196,49,233,M164_R,1.65,Open,10/29/24,
1.27,81.033,37,211,M164_L,1.27,,10/29/24,
3.17,122.832,60,179,E759_L,2.01,,10/29/24,
2.62,91.487,32,211,M166_R,1.83,Open,10/29/24,
0.85,80.942,36,197,M166_L,1.04,,10/29/24,
2.31,121.731,59,186,E760_L,1.71,,10/29/24,
3.10,105.779,47,191,M167_R,1.99,Open,10/29/24,
2.40,77.276,31,200,M167_L,1.75,,10/29/24,
2.92,122.209,63,180,E761_L,1.93,,10/29/24,
1.57,115.935,36,245,M168_R,1.42,,10/29/24,
3.13,89.908,45,230,M168_L,2.00,,10/29/24,
2.82,130.858,68,211,E765_L,1.89,,10/29/24,
1.89,91.541,29,228,M169_R,1.55,,10/29/24,
2.62,91.572,27,224,M169_L,1.83,,10/29/24,
4.53,138.113,75,180,E766_L,2.40,,10/29/24,
1.65,104.996,37,201,M176_R,1.45,,10/29/24,
2.28,77.991,33,224,M176_L,1.71,,10/29/24,
3.83,124.002,57,191,E771_L,2.21,,10/29/24,
2.17,83.002,36,214,M177_R,1.66,Open,10/29/24,
1.54,73.975,32,187,M177_L,1.40,,10/29/24,
4.46,127.549,63,180,E772_L,2.38,,10/29/24,
3.66,68.009,27,193,M178_R,2.16,Open,10/29/24,
2.13,75.045,24,177,M178_L,1.65,Open,10/29/24,
6.26,124.337,54,167,E773_L,2.82,,10/30/24,
2.83,81.752,41,221,M179_R,1.90,,10/30/24,
4.68,109.881,51,241,M179_L,2.44,Open,10/30/24,
5.08,125.713,52,198,E774_L,2.54,,10/30/24,
2.69,124.015,52,179,C146_R,1.85,,10/30/24,
2.30,122.047,60,195,C146_L,1.71,,10/30/24,
4.37,129.329,57,174,E775_L,2.36,,10/30/24,
2.35,117.441,63,172,C152_R,1.73,,10/30/24,
2.66,118.385,49,174,C152_L,1.84,,10/30/24,
4.80,122.046,52,178,E776_L,2.47,,10/30/24,
1.49,108.092,46,177,C153_R,1.38,,10/30/24,
3.55,126.588,52,186,C153_L,2.13,,10/30/24,
3.92,128.99,61,208,E780_L,2.23,,10/30/24,
2.60,129.186,58,209,C154_R,1.82,,10/30/24,
2.41,123.658,70,172,C154_L,1.75,,10/30/24,
4.38,150.91,68,185,E781_L,2.36,,10/30/24,
3.60,125.303,58,192,C155_R,2.14,Open,10/30/24,
3.94,125.486,54,168,C155_L,2.24,Open,10/30/24,
6.52,128.234,50,197,E782_L,2.88,Open,10/30/24,
3.31,98.007,18,194,C156_R,2.05,Open,10/30/24,
3.27,119.955,45,171,C156_L,2.04,,10/30/24,
4.51,132.32,54,212,E783_L,2.40,,10/30/24,
3.79,125.14,46,181,C157_R,2.20,Open,10/30/24,
3.24,117.934,55,172,C157_L,2.03,,10/30/24,
3.98,124.869,45,189,E784_L,2.25,,10/30/24,
2.75,124.87,56,168,C158_R,1.87,,10/30/24,
3.35,126.834,60,193,C158_L,2.07,,10/30/24,
4.00,131.419,27,186,E788_L,2.26,,10/30/24,
1.73,99.843,42,223,M182_R,1.48,,10/30/24,
3.09,82.266,26,229,M182_L,1.98,,10/30/24,
4.13,124.136,65,164,E790_L,2.29,,10/30/24,
2.31,93.429,33,232,M184_R,1.72,,10/30/24,
1.58,99.23,39,221,M184_L,1.42,,10/30/24,
3.25,126.087,66,205,E794_L,2.04,,10/30/24,
3.61,78.009,24,200,M188_R,2.14,Open,10/30/24,
0.90,99.772,36,222,M188_L,1.07,,10/30/24,
4.79,141.834,57,194,E791_L,2.47,,12/9/24,
2.27,79.64,28,216,M185_R,1.70,Open,12/9/24,
1.27,81.364,41,247,M185_L,1.27,,12/9/24,
4.22,134.939,59,224,E793_L,2.32,,12/9/24,
2.61,89.977,46,243,M187_R,1.82,,12/9/24,
1.71,88.525,37,233,M187_L,1.48,,12/9/24,
5.64,129.597,53,204,E795_L,2.68,,12/9/24,
0.94,92.771,47,199,M195_R,1.09,,12/9/24,
1.22,93.165,49,209,M195_L,1.25,,12/9/24,
5.65,129.901,48,191,E796_L,2.68,,12/9/24,
1.37,91.025,47,211,M196_R,1.32,,12/9/24,
1.03,103.348,49,230,M196_L,1.15,Open,12/9/24,
2.67,122.66,52,186,E801_L,1.85,,12/9/24,
0.37,115.624,57,204,M197_R,0.69,Open,12/9/24,
1.33,101.907,46,230,M197_L,1.30,,12/9/24,
1.99,142.198,73,186,E802_L,1.59,,12/9/24,
0.77,103.745,48,194,M198_R,0.99,,12/9/24,
1.72,88.977,37,197,M198_L,1.48,Open,12/9/24,
2.89,137.098,76,203,E803_L,1.92,Open,12/9/24,
1.95,90.548,41,226,M202_R,1.58,,12/9/24,
0.91,96.946,41,237,M202_L,1.08,,12/9/24,
3.75,136.3,65,205,E804_L,2.19,,12/9/24,
3.19,95.49,36,214,M203_R,2.02,Open,12/9/24,
2.58,94.355,48,242,M203_L,1.81,,12/9/24,
3.34,127.593,57,198,E805_L,2.06,,12/9/24,
4.07,80.212,22,192,M204_R,2.28,Open,12/9/24,
1.65,92.317,41,214,M204_L,1.45,,12/9/24,
3.27,140.567,68,231,E806_L,2.04,,12/9/24,
1.87,86.626,41,227,M205_R,1.54,,12/9/24,
0.90,103.94,51,223,M205_L,1.07,,12/9/24,
3.66,138.483,68,201,E825_L,2.16,,12/9/24,
3.15,130.122,63,212,C164_R,2.00,Open,12/9/24,
3.13,137.173,58,181,C164_L,2.00,Open,12/9/24,
3.33,133.744,69,189,E826_L,2.06,,12/9/24,
2.22,126.692,54,196,C170_R,1.68,Open,12/9/24,
1.28,113.942,61,197,C170_L,1.28,,12/9/24,
3.12,140.861,76,195,E827_L,1.99,,12/23/24,
1.02,92.84,43,193,M206_R,1.14,Open,12/23/24,
2.53,85.905,39,201,M206_L,1.79,Open,12/23/24,
4.10,136.204,66,173,E838_L,2.29,,12/23/24,
2.02,83.27,32,191,M208_R,1.60,Open,12/23/24,
0.36,109.22,54,193,M208_L,0.68,,12/23/24,
2.07,152.901,84,233,E841_L,1.62,,12/23/24,
1.50,78.301,41,193,M214_R,1.38,Open,12/23/24,
1.33,96.964,38,187,M214_L,1.30,Open,12/23/24,
4.53,139.798,60,194,E818_L,2.40,,12/23/24,
2.74,132.205,71,215,C160_R,1.87,,12/23/24,
1.55,125.005,62,179,C160_L,1.41,,12/23/24,
2.72,115.795,55,176,E821_L,1.86,Open,12/23/24,
2.55,118.219,59,184,C161_R,1.80,Open,12/23/24,
1.19,117.286,79,189,C161_L,1.23,,12/23/24,
2.91,127.081,62,164,E822_L,1.92,,12/23/24,
2.29,127.301,63,196,C162_R,1.71,,12/23/24,
2.27,136.561,53,166,C162_L,1.70,Open,12/23/24,
8.04,147.158,60,180,E823_L,3.20,Open,12/23/24,
2.33,125.426,59,156,C163_R,1.72,Open,12/23/24,
2.18,126.895,71,195,C163_L,1.67,,12/23/24,
3.83,140.575,68,192,E834_L,2.21,,12/23/24,
2.61,76.163,27,220,M207_R,1.82,,12/23/24,
2.10,82.632,34,182,M207_L,1.63,,12/23/24,
5.33,140.737,69,172,E840_L,2.61,Open,12/23/24,
3.67,81.768,33,195,M213_R,2.16,,12/23/24,
2.61,78.692,40,183,M213_L,1.82,Open,12/23/24,
2.92,137.132,70,190,E831_L,1.93,,12/23/24,
1.97,124.662,61,175,C171_R,1.58,Open,12/23/24,
1.70,125.566,71,184,C171_L,1.47,,12/23/24,
4.24,134.734,70,171,E832_L,2.32,,12/23/24,
2.10,91.7,24,218,M209_R,1.64,,12/23/24,
3.17,85.493,38,222,M209_L,2.01,,12/23/24,
3.55,136.421,79,197,E833_L,2.13,,12/23/24,
1.62,75.881,32,242,M210_R,1.44,Open,12/23/24,
1.77,91.179,44,194,M210_L,1.50,,12/23/24,
3.14,142.136,83,237,E835_L,2.00,,12/30/24,
1.28,76.741,27,209,M211_R,1.27,,12/30/24,
1.55,82.144,27,220,M211_L,1.40,,12/30/24,
3.14,138.977,52,184,E836_L,2.00,,12/30/24,
3.36,83.508,35,215,M215_R,2.07,,12/30/24,
1.52,78.782,35,198,M215_L,1.39,Open,12/30/24,
4.32,136.933,61,195,E837_L,2.35,Open,12/30/24,
2.53,80.55,38,194,M216_R,1.80,Open,12/30/24,
1.82,81.69,31,235,M216_L,1.52,,12/30/24,
6.44,142.486,59,204,E845_L,2.86,,12/30/24,
3.31,122.576,42,192,C173_R,2.05,Open,12/30/24,
2.71,142.421,64,195,C173_L,1.86,Open,12/30/24,
4.51,126.556,56,177,E846_L,2.40,,12/30/24,
2.15,126.291,45,181,C165_R,1.65,Open,12/30/24,
2.00,126.113,70,173,C165_L,1.60,,12/30/24,
3.54,148.498,68,181,E847_L,2.12,Open,12/30/24,
3.08,140.509,50,182,C174_R,1.98,Open,12/30/24,
2.26,126.176,69,185,C174_L,1.70,,12/30/24,
5.26,130.494,52,188,E848_L,2.59,,12/30/24,
2.99,142.156,49,185,C175_R,1.95,Open,12/30/24,
5.91,145.078,39,177,C175_L,2.74,Open,12/30/24,
